,posemo,negemo,anx,anger,sad
274219,1.67,6.28,0.42,2.51,0.42
111363,4.47,2.79,0,1.68,0.56
243338,3,5.36,0.21,1.07,1.07
284673,2.42,3.81,0,1.73,0.69
93116,4.44,4.44,0,1.48,0
87163,2.88,1.77,0,0.22,0
221740,3.66,2.62,0,2.09,0
194625,5.59,1.75,0,0,0.35
70299,4.64,0.52,0,0,0.52
207977,7.83,0,0,0,0
56276,1.72,4.48,0,2.41,0
10223,1.06,1.06,0.35,0,0
301321,3.75,4.69,0,1.56,0
109909,7.19,1.8,0,0,0
210238,3.23,4.19,0,0.97,0
33439,4.29,1.9,0,0,0
93843,4.55,0.41,0,0,0
69870,6.17,2.47,0,0.62,0
46663,2.39,4.31,0,2.87,0
226601,3.57,1.19,0,0,0.79
18938,3.27,2.18,0.44,0.22,0
202990,3.49,1.9,0.32,0,0
186631,4.9,1.31,0,0,0
16530,4.62,1.03,0,0,0
224599,3.01,1.13,0,0,0
247764,4.82,0.8,0,0,0
61035,3.23,1.29,0,0,0
229903,1.16,1.16,0,0,0
110690,5.49,1.69,0,0.42,0
38154,0.63,0.63,0,0,0
271598,3.61,2.76,0,0.21,1.7
118583,6.94,3.24,0.46,0.46,0
176266,4.35,3.8,0,0,0.54
222116,4.15,3.11,0,2.07,0.52
94532,2.1,6.99,2.1,2.1,0
274185,3.72,2.33,0,1.86,0
229296,4.52,3.55,0.32,1.29,0
206507,4.66,1.27,0,0,0.42
121128,2.54,0.51,0,0,0
291121,4.14,2.63,0.38,0.75,0
112509,8.04,0,0,0,0
65939,2.39,1.49,0,0,0.3
221153,2.75,0,0,0,0
280951,4.3,1.19,0,0.24,0.24
301320,3.64,6.29,2.65,2.98,0
120342,4.71,1.18,0,0,0
270254,5.64,3.26,0.3,0,0.3
183364,5.82,1.71,0,0,0.68
92221,3.88,1.29,0.43,0,0
40367,3.68,1.95,0.22,0.22,0
30858,3.1,1.38,0,0.34,0.34
76819,3.05,0.61,0,0,0
35934,5.45,0.47,0,0,0
83310,3.35,1.12,0,0,0.74
88245,3.41,1.46,0,0.49,0.49
202826,5,2.5,0,0.36,0.36
84133,4.64,3.31,0,1.32,0.33
43444,5,1.25,0,0.63,0
81707,5.97,1.7,0,0,0.28
273207,5.78,0.58,0,0,0
12812,9.68,1.29,0,0,0
37462,7.91,0,0,0,0
27881,4.61,0,0,0,0
137827,3.63,4.66,0,0,1.55
200941,6.57,1.38,0,0.35,0.35
222510,5.37,4.7,1.34,0.67,0
80627,5.85,4.39,0,3.41,0
215343,7.72,2.37,0,0.3,0
273171,2.66,2.33,0,0.33,0.33
28191,1.95,3.91,0,2.73,0
270444,3.77,3.02,0.38,0.75,0.38
226602,6.38,1.28,0,0.43,0
191616,2.54,5.4,1.43,1.75,0.48
208299,5.51,2.54,0.42,0,0
21638,3.09,3.09,0,2.58,0
96694,5.58,4.78,0,0.4,0.4
10397,1.59,1.91,0,0.64,0
116221,5.12,1.86,0,0.93,0
105507,7.91,1.58,0.4,0,0.4
88119,1.18,1.76,0,0.59,0.59
206049,3.3,2.75,1.1,0.55,0
47797,7.62,4.76,0,3.33,0
49962,4.87,1.62,0.32,0,0.32
60328,3.37,0.48,0,0,0
106973,6.23,2.2,0,0.37,0.37
34989,1.91,2.15,0,0.48,0.24
219627,4.56,0.3,0,0,0
79644,1.8,2.99,0,0,0.6
108793,5.08,3.11,0,0,0
299754,5.49,1.73,0,0,0
158832,1.98,0,0,0,0
97992,4.79,5.48,0,2.05,0
94525,8.81,1.55,0,1.04,0.52
48300,6.9,0.49,0,0,0
95388,6.41,1.28,0,0,0
91844,4.46,0.89,0,0,0
121117,4.64,0,0,0,0
89951,4.71,2.09,0.26,0.26,0.52
96642,5.18,1.04,0,0,0
224772,1.86,2.17,0,0.31,0.31
264418,2.75,5.05,0.69,0.69,0.23
275267,1.47,2.57,0,0,0
245207,6.02,1.93,0,0.48,0
25271,3.17,2.78,0.4,0,0
81538,4.35,5.22,0.87,0,1.74
57618,3.66,6.59,0.73,1.83,0.73
122581,6.83,1.2,0,0.4,0
87161,5.09,2.4,0.6,0.3,0
92578,3.1,3.41,0.31,1.24,0
27880,4.05,1.35,0,0,0
24351,6.82,0.45,0,0,0
46503,3.46,4.33,0.87,2.16,0
238039,3.32,2.58,0.74,0.37,0
27857,4.55,1.82,0,0,0.45
265302,3.47,2.7,0.19,0.39,0.19
223431,4.69,3.29,0,1.41,0.47
108146,8.51,0.71,0,0,0.71
179797,8.64,2.47,0,2.47,0
295793,3.53,3.92,0,0,1.18
231025,9.7,1.69,0,0,1.27
74204,3.56,0,0,0,0
70710,5.17,0,0,0,0
250430,3.01,3.01,0,0,0
130426,2.81,3.37,0,1.12,0
42946,3.9,0.98,0,0,0
19573,5.59,0.62,0,0,0
211875,5.52,3.87,0.55,0,0
283495,7.02,1.75,0,1.17,0
233356,7.62,3.33,0,0.95,0
10219,2.91,0.97,0,0,0.97
93845,3.83,2.55,1.28,0.43,0.85
24157,4.5,0,0,0,0
37117,4.76,1.59,0.26,0,0
208465,5.18,0.52,0,0.52,0
89835,4.17,3.7,0,2.31,0.46
113162,7.51,2.02,0,0.29,0.29
38387,6.54,1.4,0,0.47,0.47
139006,2.87,3.3,0,1.15,0
236399,6.1,3.05,0,0.61,0
61557,6.77,1.2,0,0.4,0
342197,3.04,0.87,0,0.43,0.43
232464,6.28,1.26,0,0,0
100446,6.52,1.09,0,0,0
106037,5.58,1.02,0,0,0
112903,3.88,1.94,0,0.49,0.49
56853,4.31,1.44,0,0,0
213327,7.03,4.32,2.16,0.54,0.54
188815,6.88,2.75,0,0.46,0.46
45184,0.49,6.37,2.45,1.96,0
78577,4.27,1.42,0,0.47,0
184784,4.44,1.67,0,0,0.56
266791,3.14,3.61,0.63,0.94,0.31
90008,4.95,4.4,0.27,0.55,0.27
190726,5.41,2.4,0,1.5,0
57231,1.71,3.42,0,1.71,0
116219,5.81,0,0,0,0
96337,1.33,2.65,0,0.88,0
239242,10.04,0,0,0,0
41692,8.25,2.06,0.52,1.03,0
28142,4.39,0,0,0,0
22335,5.76,2.47,0.41,0,0.41
55156,4.38,1.59,0,1.2,0.4
114624,4.19,2.79,0,0,0
217395,4.61,2.3,0,0.46,0
126872,6.56,3.83,0.55,1.09,0
188343,4.18,1.05,0,0,0
191941,6.56,1.25,0,0.63,0.31
282985,2.93,0.8,0,0.27,0.27
233431,5.68,1.14,0,0.38,0.76
201497,5.69,1.42,0,0,0
207958,7.91,2.26,0,1.13,0
140315,5.46,2.73,0,0,0
7155,3.33,0.95,0,0.48,0
207964,7.64,0.64,0,0.64,0
288714,1.47,5.88,1.47,0.98,0.49
22719,4.76,2.65,0,0.53,0
69268,3,0.5,0,0,0
181978,2.09,2.09,0.26,1.83,0
15837,5.7,1.55,0.52,1.04,0
250343,4.28,2.72,1.17,0,0
87400,6.16,1.45,0,0,0
271366,4.25,4.25,0,0.44,0.73
104741,2.87,1.15,0,0.57,0
131936,7.28,0.97,0.49,0,0
43456,1.99,3.31,0,0.66,0
228561,4.95,0.99,0,0,0
91276,3.55,3.05,1.52,0,1.02
370050,5.67,1.55,0,0.52,0
118354,4.74,1.05,0,0,0.53
78398,4.92,1.84,0,0.41,0.41
367506,4.63,1.16,0,0.77,0
94481,10.08,2.52,0,0.84,0
38019,4.4,1.1,0.37,0,0.37
255205,5.85,3.51,0,1.17,0
33170,5.64,4.1,1.54,0.51,0.51
234406,2.2,2.75,2.2,0,0.55
140317,4.21,1.87,0,0,0
216857,2.87,1.08,0.36,0,0
252998,4.49,3.37,1.69,0.56,0
189856,2.4,2.4,0,1.2,0
130633,3.52,1.32,0,0.44,0
75441,2.11,1.05,0,0,0
275248,6.2,2.55,0.36,0,0
207812,6.76,2.9,0.48,0,0
32681,5.34,2.43,0.49,0,0.49
65068,3.4,1.28,0,0.85,0
327283,5.23,2.09,0.35,0.35,0
79858,5.26,1.21,0,0,0
75938,3.72,1.24,0,0.83,0
98442,3.5,2.5,0,0.5,0.5
267466,3.29,1.84,0.26,0.39,0
102534,7.56,0.98,0.24,0,0
298459,6.12,1.02,0,1.02,0
209354,3.6,3.15,0,1.35,0.45
229090,4.19,3.96,0.22,0.44,0
45186,6.22,4.15,0,0,0.52
258654,2.65,3.64,0.66,0.99,0.33
136647,7.64,0,0,0,0
306700,8.74,0.97,0,0,0
219620,4.45,2.05,0,1.03,0
29920,7.58,1.01,0,0,0
88888,5.45,3.03,0,1.82,0
224238,6.3,3.54,0.39,0.39,0
114419,4.64,3.09,0.52,1.03,0
257771,4.24,2.12,0.35,0.35,0
134252,2.75,1.83,0,0.46,1.38
327282,4.15,2.07,0,0,0.83
219350,5.17,1.03,0,0,0
86494,2.33,1.74,0,1.16,0
28182,6.48,0.93,0,0,0.46
52160,1.66,1.1,0,0,0
102858,4.8,3.67,0,0.28,0
266396,3.16,5.03,0.79,0.1,0.39
30646,6.03,1.29,0,0.43,0
90396,2.14,2.14,0.36,0.71,0
34346,3.17,2.11,0.26,0.79,0.26
24814,2.33,1.16,0,1.16,0
7156,7.96,2.49,0,0.5,0
95205,11.9,0,0,0,0
238567,3.59,3.59,0.45,2.24,0
80620,6.06,1.52,0,0.51,0
24196,5.05,1.01,0,0.34,0
27886,4.64,0.66,0,0,0.66
282560,6.46,5.78,0,3.06,0.68
37459,1.36,2.72,1.36,0.68,0.68
22901,5.26,1.75,0,0.58,0
43469,3.42,3.08,0,0.34,1.03
224370,3.24,3.24,1.21,1.21,0.4
91574,5.26,1.44,0,0,0.48
53609,0.98,5.57,0,1.31,0
113265,2.52,4.2,0,0.84,0.42
272838,4.95,1.98,0.5,0.99,0
83400,3.18,1.36,0,0.45,0
216831,8.29,0.49,0,0.49,0
252097,2.99,2.56,0.43,1.28,0.43
52067,5.7,2.28,0,0.85,0
248024,7.3,0,0,0,0
178163,6.46,0.68,0,0,0
261267,5.88,1.55,0.31,0,0
8404,6.22,0.44,0,0,0
225343,5.81,1.66,0,0,0
96179,4.81,2.88,0,0.96,0
237009,4,4,0.67,0,2
80914,5.96,2.98,0,1.28,0
240915,1.73,4.05,0,4.05,0
290088,4,1.78,0,0.44,0
33089,4.13,1.65,0,0.83,0
224263,6.87,1.72,0.86,0,0
129728,5.46,2.19,0,2.19,0
266938,2.89,4.91,1.13,1.13,0.38
290062,9.33,0.67,0,0.67,0
72017,8.54,1.83,0,0.61,0
73447,2.86,2.14,0.36,0.71,0.36
49903,2.46,3.69,0.25,0,0.25
233939,4.98,5.43,3.17,0.45,0
89266,3.15,2.87,0.29,0.29,0.57
190743,2.26,3.67,0,1.41,0.28
247538,5.31,1.33,0,0,0
133201,1.75,5.26,2.63,1.75,0
22344,7.98,2.45,1.23,0,1.23
135658,4.59,4.13,1.38,0,0
46826,4.52,0.5,0,0,0
193921,4.15,1.55,0,0,0
279373,5.02,2.51,0,0,0.31
46615,3.61,3.01,0.6,1.2,0
220548,5.22,1.87,0,0.75,0.56
98155,3.77,1.37,0.34,0.34,0
93821,4.86,3.82,0,0.69,0
341983,7.69,1.54,0,1.15,0
224869,2.53,2.11,0,0.42,0.42
206376,4.07,1.74,0,0.58,0.58
244623,4.71,4.71,1.09,1.45,0
121759,5.34,1.78,0,0.59,0.3
298774,3.98,1.42,0,0,0.57
110209,4.35,1.98,0,0,1.19
181504,2.08,0.89,0,0,0
50103,1.4,2.34,0.47,0,0
111881,3.45,1.92,0.38,0,0.77
41026,5.94,2.48,0.5,0.5,0.99
124190,3,1.29,0,0,0
41032,3.78,0.42,0,0,0
206606,4.18,1.67,0.42,0,0
259470,3,2.25,0,0,0
130456,6.21,2.48,0,0,0
206148,2.07,1.04,0,0,0
275603,4.02,0.45,0,0,0
100232,5.56,1.59,0,0,0.4
59333,1.49,2.6,0.37,0.37,0
224472,6.54,0.47,0,0,0
262341,7.11,1.52,0.51,0,0.51
245926,5.72,3.01,0,0.3,0
101851,3.47,2.72,0,0.5,0.25
88797,4.17,3.13,0,0,1.04
96595,5.1,0,0,0,0
193894,4.78,1.99,0,0.4,0
259857,2.96,1.48,0,0,0
154449,5.88,2.61,0,1.31,0
60983,2.84,0.71,0,0,0
127470,5.73,2.6,0,1.56,0
159031,4.29,2.86,0,0.36,0.36
199215,4.12,0.59,0,0,0
178941,8.63,1.02,0,0.51,0
81406,3.35,3.35,0,0,0
231453,4.05,0.58,0,0.58,0
100178,5.83,0.83,0,0.42,0
40266,4.94,1.8,0,0.45,0.22
264446,3.43,1.82,0.51,0,0.3
71736,6.88,3.17,0.53,0.53,0
123986,7.88,0.41,0,0,0
31474,2.75,3.53,0.39,0.39,0.78
61531,6.7,0,0,0,0
79356,4.23,1.41,0.7,0,0
216007,4.86,2.34,0,0.36,0.18
213619,0.93,3.26,0,1.4,0
53742,2.99,3.32,0,0,0
222605,4.07,1.74,0.29,0.87,0
96350,1.4,1.86,0,0.93,0
179875,2.58,1.64,0.47,0,0
57295,2.48,1.24,0,0,0
172075,7.28,1.46,0,0,0
19850,7.39,0.43,0,0.43,0
60405,8.85,0.38,0,0,0
259260,5.5,2,0.75,0.25,0
45860,5.82,2.12,0,1.06,0
125676,2.07,0.41,0,0,0
172048,8.11,1.08,0,0,0.54
172060,6.6,0.47,0,0,0
24508,6.25,1.25,0,0,0
47939,4.07,4.07,0,2.03,0
57294,7.07,1.63,0,0,0.54
127908,8.33,0.69,0,0,0
258802,3.83,1.09,0,0,0.55
187566,4.41,1.84,0,1.1,0.37
27798,2.07,1.18,0,0,0
251826,2.83,3.64,0.81,0.4,0
203806,3.29,3.29,0,0.3,0.15
103114,7.69,2.37,0,0,0.3
125845,4.31,1.44,0,0,0
190740,2.95,5.54,3.69,0,0
66505,4.56,1.9,0,1.52,0.38
74101,7.69,4.14,0,0.59,0
74115,1.99,2.99,0,0.5,0
241638,2.05,1.23,0,0,0.82
127539,5,2.5,0,1.5,0
251417,3.35,5.59,3.91,0.56,0
26690,7.47,2.27,0,0.65,0
227556,5.49,0.84,0,0.84,0
53233,9.47,2.07,0,0,0
91166,5.56,1.71,0,0,0
76104,3.78,1.68,0.84,0.84,0
254427,5.16,4.52,0.65,2.58,0.65
208416,4.98,1.99,0,1.33,0
210259,2.04,3.39,0,0.9,0
102168,0.74,2.95,0.37,1.11,0
92533,5.26,5.26,0.75,0.75,0
97463,6.69,2.03,0.29,0.87,0
220832,4.46,1.79,0.45,0,0.45
288766,4.32,1.51,0,0.22,0.86
224498,1.94,3.87,0,0.65,0.32
15138,4.55,1.3,0,1.3,0
50302,7.91,3.26,0,1.4,0.93
34684,5.97,2.49,0,0.5,0
43342,4.4,0.8,0.4,0,0
367576,2.88,1.31,0,0.26,0.79
210098,3.81,2.86,0.48,0,0.95
102424,3.83,3.83,0,0.77,0
112169,5.51,2.76,1.18,0.39,0.79
50306,5.12,1.4,0.47,0.47,0
102408,1.57,1.05,0,0,0
277991,4.96,2.84,1.42,0,0
268127,4.17,3.85,2.24,0.32,0.64
40129,4.08,2.55,0.51,0,0
167521,6.75,2.38,1.19,0.4,0.4
79019,7.59,1.9,0.63,0,0
88792,5.84,1.17,0,0,0
535523,6.78,0.34,0,0,0
16145,3.7,1.39,0,0.46,0
111104,5.96,0.33,0,0,0
128949,8.22,0.68,0,0,0.34
81563,8,1,0.5,0,0.5
244817,5.06,3.8,0,1.69,0
112425,4.75,1.27,0,0,0
224649,7.66,2.55,0.85,1.28,0
91002,2.03,4.88,0,3.25,0
227426,4.74,1.98,0.4,0.4,0
128752,4.55,2.73,0,0,0
274917,2.31,0.93,0,0,0
33312,5.63,3.13,0,0,0.63
80866,5.59,3.35,0,0.56,0.56
255852,4.53,1.13,0,0.75,0
92331,3.33,4.44,1.11,0.37,0
221137,6.09,1.52,0.51,0,0
112223,5.13,1.03,0,0,0
81371,5.86,2.25,0.45,1.35,0.45
96194,7.37,0.53,0,0,0
243981,7.06,5,0,0.88,0
241172,1.62,4.32,2.16,0,1.08
33272,5.56,1.01,0,0.51,0
10124,2.53,2.89,0.36,1.08,0
224271,4.64,2.65,0,0,0.66
81615,4.3,3.23,1.61,0,0
121400,4.09,2.73,0,0.45,0
205268,5.51,2.36,0,0,0
158855,7.34,0.56,0,0,0
60428,3.76,1.41,0,0.94,0
229967,7.82,0.56,0,0,0
41381,7.89,1.32,0.44,0,0
255338,1.97,3.45,0,0,0
125698,2.09,2.09,0.42,0.42,1.26
97076,3.26,4.01,0,1.75,0
136196,5.6,1.49,0,0,0.37
273314,3.17,1.06,0,0,0.53
239235,8.49,0.47,0,0,0
23289,5.7,0.32,0,0,0
125868,3.83,0.55,0,0,0
188122,3.47,1.16,0,0,0
61247,4.66,0.52,0,0,0
46808,3.24,1.08,0,0.54,0
241629,4.93,2.82,0,0,0.35
137920,5.11,2.27,0,0.57,0
268536,4.89,3.67,0,0.61,0.92
188334,4.33,1.92,0.48,0,0
220200,4.9,2.86,0,1.22,0
207867,2.27,0,0,0,0
21844,5.84,0.73,0,0.73,0
187775,5.21,0.98,0,0.33,0
239180,3.23,1.61,0.54,0.54,0
100961,5.29,0.96,0,0,0
215318,2.91,2.91,0,0,0
292277,4.07,4.07,0,1.16,0
224648,3.09,1.93,1.16,0.39,0
252912,4.29,1.65,0.66,0.66,0
244180,7.14,2.23,0,0,0.89
80640,3.45,4.02,0.57,1.72,0
110794,4.09,2.92,1.75,0,0.58
272817,5.1,1.7,0.28,0,0
62438,5.62,4.82,0.4,0,0.4
238063,3.28,2.69,0,1.19,0.3
256976,4.07,1.36,0.45,0,0
50307,5.76,1.57,0,1.05,0
225768,2.56,1.6,0,0.32,0.32
22785,5.66,1.89,0,0.75,0.75
272624,4.37,3.49,0.22,0.22,0.44
84140,6.4,4.07,0.58,0.58,0.58
56006,3.2,5.02,0.46,2.28,0.46
273510,4.17,1.28,0,0.64,0
101880,4.44,3.95,0,2.47,0
286943,5.24,2.62,0,2.25,0
223333,5.94,1.49,0,0.5,0
220809,3.61,4.82,0,3.61,0
34640,5.75,2.46,0,0,0
88791,2.33,3.72,0,0.93,0
126542,3.39,4.66,0,1.69,0
116481,5.26,1.46,0,0,0.29
237385,2.32,3.31,0.33,1.99,0
195575,3.88,2.59,0,1.72,0
75393,2.89,2.48,0,0.41,0
110543,5.21,1.9,0,0.47,0.47
92291,4.82,2.63,0.44,0,0.44
228925,3.14,1.96,0.39,0.39,0
341763,3.67,1.13,0.28,0,0
102184,4.5,3.79,0.24,0.71,0.71
40260,4.76,1.5,0,0.38,0.13
236306,2.33,1.74,1.16,0,0
99501,4.18,4.18,0,2.09,0.35
103311,5.12,1.37,0,0,0
201582,2.93,2.51,0.42,1.26,0.42
180971,2.73,1.09,0,0,0
207118,7.8,2.29,0,0.46,0
30036,2.35,1.18,0,0.59,0.59
97289,5.31,1.63,0,0,0
193514,5.14,3.43,0,1.14,0
95887,7.19,0,0,0,0
186643,5.26,2.63,0,1.13,0.75
29771,3.28,1.82,0,0,0.36
257277,3.53,3.29,0,0.47,0.24
125895,3.85,0.64,0,0,0
29758,6.87,3.82,0,0.76,0.38
97908,6.11,0,0,0,0
121358,4.94,2.03,0.58,0,0
60402,4.6,0.57,0.57,0,0
238100,4.05,2.25,0.9,0,0.45
47056,4.64,5,0.71,0,0
262226,5.19,1.89,0,0.94,0
19664,5.61,1.98,0,0,0
193924,3.4,8.25,0,1.94,1.46
241164,5.7,1.75,0,1.75,0
98187,7.41,1.59,0,1.06,0
92496,5.43,2.33,0,0.78,0
98636,7.55,1.89,0,1.26,0
46604,3.8,3.16,0.63,0,0
119348,2.76,4.29,0.61,1.53,0
101513,2.62,2.3,0,0.66,0
245276,5.13,4.62,1.03,0.51,0
136234,5.42,1.02,0.34,0,0.34
267799,4.58,3.37,0.24,0.96,0.48
112433,1.21,3.64,0.81,0.81,1.21
51224,2.42,2.42,0,1.45,0
92521,4.96,4.26,0.71,0.71,0
244829,4.57,1.37,0,0,0
91996,8.74,0.49,0,0,0
266861,2.45,0.41,0,0,0
208148,5.44,2.04,0,0.68,0
69234,2.6,1.04,0,0,1.04
112631,5.6,1.29,0,0.43,0
238060,2.46,4.92,0.55,1.09,0.27
110754,1.17,3.51,0,0,0
273539,2.66,0.33,0,0,0.33
229637,5.26,2.87,0,0.48,0.48
94439,5.73,1.56,0,1.56,0
36098,4.14,3.45,0.69,0.69,0
110003,1.52,3.04,0.38,1.52,0
112172,5.26,2.26,0,0,0
193322,8.59,1.84,0,0,1.23
50453,7.52,3.98,0.88,0,0.88
121584,5.77,3.37,0,0.48,0
74268,2.12,1.06,0,0,0
246216,3.75,1.87,0,0.75,0
247108,9.05,0.95,0,0,0
74532,4.31,2.59,0.43,0.43,0.86
192799,5.15,4.04,0.37,0,0.74
261326,0.71,2.84,0,0.71,0
223883,5.93,2.54,0,0.42,0
136211,5.83,2.24,0.9,0.45,0.45
80855,6.16,0.47,0,0,0
136205,5.88,3.31,0,0.37,2.21
60037,3.64,2.12,0.3,0.3,0.3
221104,5.63,1.41,0,0,0
94983,3.14,2.62,0,0.52,0.52
270439,5.52,0,0,0,0
197232,4.21,2.3,0,0,1.53
21137,7.14,1.1,0,0.55,0
105963,4.8,1.11,0,0,0
257045,2.99,1.49,0,0,0.5
254216,10.27,1.79,0,0,0
101708,10.2,1.22,0.41,0.41,0
251839,2.42,3.11,0.35,0.69,0.35
236108,3.23,2.28,0.19,0.57,0.19
257247,4.94,4.94,0.38,0.38,1.52
238858,4.09,1.17,0,0,0
68721,7.07,3.26,0,1.09,0.54
121427,3.85,2.4,0,0.48,0
74447,3.06,3.06,0.87,1.31,0
248400,4.67,1.67,0,0.33,1.33
257534,1.98,1.98,0,1.19,0
105553,6.29,0.57,0,0,0
216030,4.46,2.48,0,0.99,0
128600,7.66,0.45,0,0,0
136416,8.1,1.25,0,0,0.31
370404,7.72,0.35,0,0.35,0
263444,5.54,2.21,0.37,1.29,0.18
245497,3.41,2.44,0,0.49,1.46
93828,5.56,0.93,0,0,0
127490,6.22,1.55,0,0,0
260011,6.9,1.72,0,0,0
246798,3.9,3.9,0,0.43,0.87
229808,3.17,1.06,0,0.53,0
125708,5.63,2.35,0,1.88,0
56989,5.12,4.19,0.47,0,0
104739,3.99,2.99,0,0.66,0.33
278474,2.54,5.08,0.51,0,1.02
237363,2.47,1.06,0,0.35,0
110766,2.03,1.02,0,0,0
50478,1.91,3.35,0,1.44,0
275620,4.23,2.45,0,0.67,0.22
50444,5.78,0.44,0,0,0
58795,5.71,1.43,0,0,0.48
102389,1,1.49,0,0.5,0.5
227416,4.41,0.74,0.37,0,0
58554,5.88,0,0,0,0
79203,4.24,2.97,0,1.69,0
30171,6.43,1.33,0.22,0,0
76124,3.66,0.37,0.37,0,0
106514,3.81,3.39,0,0.42,0.42
226640,3.77,3.3,0.47,0,0.94
40247,4.25,3.5,0.75,1,0.5
204378,4.46,1.49,0,0.5,0
189966,2.55,4.25,0,0.85,0
22373,3,3.75,0,0.75,0.37
26115,5.03,1.51,0,0.5,0.5
114845,3.53,1.41,0,0,0.35
30763,5.63,2.65,0,1.32,1.32
212532,7.78,5,0,2.78,0
100367,5.82,0,0,0,0
234046,4.53,3.73,0.53,1.07,0
238683,2.16,2.7,0,0.54,0
201980,1.62,2.16,0,0.54,0
17874,7.69,0.7,0,0,0
294226,2.97,4.09,0,0,0.74
213375,6.47,2.52,0.72,1.08,0
176541,3.68,3.16,0.53,0,0
94215,5.07,5.07,2.3,0,0
234053,3.78,2.06,0,0.69,0
263889,3.42,2.17,0,1.24,0
58151,3.21,2.56,0,0,0
341382,5.63,0.63,0,0,0
261052,4.96,0.71,0.71,0,0
30762,2.52,3.08,0,1.68,0.28
70420,4.64,4.64,2.58,0.52,0.52
61277,8.02,0.62,0,0,0
260199,7.34,0.92,0,0,0
206585,4.03,2.42,0.4,0,0
243797,4.42,1.3,0.26,0.26,0
69824,5.33,4.67,0,2,0
128763,1.48,5.42,0.49,2.96,0
21727,2.52,1.26,0,0.63,0
23656,1.14,2.28,0.76,0,0
294178,3.85,2.69,0.38,0.38,0
274073,1.66,1.93,0,0.28,0.28
110203,6.51,2.33,2.33,0,0
110565,2.61,2.17,0,0.43,0.87
137455,8.13,1.44,0,0,0.48
130448,5.42,0,0,0,0
270956,6.22,0.83,0,0,0.41
266852,1.85,2.21,0.74,0.18,0.18
234641,1.47,4.42,0.29,2.36,0.29
270771,3.57,6.49,0,0.65,0.32
110983,6.02,0.6,0.6,0,0
225770,2.64,0.66,0,0,0.33
50479,0.93,3.27,0,0,0
273250,2.93,2.13,0.53,0,0.27
227173,4.25,1.96,0,0.33,0.33
204792,5.9,0.56,0,0,0
233880,3.37,1.53,0,0.31,0
112148,2.9,0.97,0,0.48,0
188062,7.08,0.88,0,0,0.44
107551,4.1,3.86,1.45,0.24,0.24
84176,2.37,2.37,0,0,0
221274,3.42,1.37,0.34,0.34,0.68
46592,8.24,0.59,0,0,0
110788,3.5,0.5,0,0.5,0
59673,3.58,2.28,1.3,0.65,0
99331,3.7,3.17,0.53,0,0
223885,5.46,1.37,1.09,0,0
244836,3.23,3.23,0,0,1.61
52068,4.09,2.3,0,1.02,0
247318,1.93,2.9,0,0,0
210240,3.09,3.47,0,0.77,0
93807,3.38,0.75,0,0,0.38
187033,3.86,1.54,0,1.16,0
126831,4.25,2.36,0.47,0.47,0
236442,3.03,1.82,0,0.61,0
268258,3.62,2.17,0,0.72,0
225416,5.75,1.6,0,0.32,0.32
223926,6.05,1.86,0,0,0
26110,12.87,0.58,0.58,0,0
219310,4.44,0.89,0,0.89,0
101281,6.76,1.45,0.48,0,0
107182,6.23,2.2,0,0.37,0
63841,5.44,2.51,0,1.67,0
45676,4.69,1.56,0.52,0,0
197778,5.9,1.48,0.37,0.74,0
102213,5.7,1.27,0.32,0.63,0
238645,2.34,3.68,0.67,1.34,0
53766,4,1.65,0,0,0
238889,4.61,4.61,1.77,0,1.06
22821,4.93,1.35,0,0,0
192827,5.82,1.06,0,0,0
73449,2.15,5.38,0.72,1.08,0
110824,5.95,1.19,0,0,0.4
129733,3.96,2.16,0,0,0
97095,2.25,3.15,0.22,0.45,0.22
172044,6.85,2.74,0,0.46,0
172050,3.94,0,0,0,0
261902,5.48,1.32,0.57,0,0
24504,4.98,2.49,0,1,0
224292,6.47,4.12,0.59,0,0.59
236696,3.9,3.9,0,0,0.65
270628,4.2,2.23,0.13,0,0.66
267354,6.25,4.17,0,2.78,0
101733,3.57,0.45,0,0,0
96361,4.71,2.62,0,0,1.05
239572,4.27,2.14,0,0.43,0
112029,7.05,1.68,0,0.34,0.34
44780,5.58,1.29,0,0,0
215259,3.51,4.09,0,0.58,1.75
190599,3.75,1.25,0,0.83,0.42
74870,3.14,3.14,0,1.26,0
196665,1.97,1.64,1.32,0,0
248837,4.22,0.84,0,0,0.84
270416,3.63,2.59,0.52,0,0
59712,3.73,1.66,0,0.41,0
198112,8.68,2.64,0,0.75,0
211611,4.12,1.55,0,0,0.52
72385,3.23,3.63,0,2.02,0.4
272375,2.27,1.52,0.38,0,0
48019,3.74,1.4,0,0.47,0
19915,4.77,1.33,0.27,0,0
243341,1.92,5.12,0.43,1.49,0
36060,2.16,0,0,0,0
71459,2.62,1.05,0,0,0
206621,5.6,0.8,0,0,0
125726,3.48,1.3,0,1.3,0
116461,3.52,1.41,0,0.23,0
98562,4.02,3.45,0,2.87,0
21285,6.47,0.72,0.72,0,0
238042,3.34,4.13,0.39,0.79,0.98
22798,4.2,0.84,0.42,0,0
59302,7.11,2.37,0,0.79,1.19
230422,2.91,1.79,0,0.67,0.67
223338,8.27,3.01,0,0.75,0
43428,1.2,2.4,0.6,0.6,0
224325,9.09,1.01,0,0,0
48219,5.29,0.59,0,0.59,0
273531,1.57,5.64,2.51,0.63,1.25
125730,4.66,2.48,0,0.62,0
107585,4.58,2.4,0.44,0,0
192978,4.31,1.85,0.92,0,0.31
206179,6.43,0.8,0,0,0
252919,3.78,4.36,0.29,2.33,0
47472,3.91,2.61,0.43,0.43,0
209869,2.42,4.5,1.38,2.08,0.35
82666,4.37,2.53,0,0.69,0
111734,5.13,2.14,0,0,0.43
46618,6.02,1.2,0,0,0
241178,4.66,0.85,0,0.42,0
26113,8.11,1.62,0.54,0,0
245322,4.37,1.09,0,0,1.09
218757,3.1,2.01,0.18,0.91,0
119397,2.97,0.74,0,0,0
96377,3.72,3.72,0,0.41,0.83
122842,4.17,4.17,0,3.33,0
49073,7.14,1.13,0,0.75,0
194299,2.6,4.17,0,1.04,2.08
261900,3.38,2,0.46,0.62,0.77
256174,2.26,0.56,0,0,0
36116,5.19,1.42,0,0.47,0
132476,4.44,1.59,0,0,0
201005,3.13,1.04,0,0,0
257531,3.2,1.42,0.71,0,0
113491,4.84,1.08,0,0,1.08
29751,3.48,2.99,0,0.5,0
60351,3.11,0,0,0,0
193291,5.17,2.59,0,0,0.43
224285,8.2,1.17,0,0,0
106077,3.08,0.88,0,0,0
84772,6.06,4.24,1.82,0,0
265959,3.3,7.81,0.6,0.9,0
22360,6.04,0,0,0,0
193093,3.98,4.42,0,0.44,2.21
219460,3.08,4.2,0.56,1.12,0.28
208592,3.02,2.64,0,0,0.38
21696,5.14,3.43,1.14,0.57,0
199227,9.52,5.44,0,2.04,0.68
220550,7.99,1.1,0.28,0,0
49264,2.74,2.74,0,2.74,0
93839,2.84,3.79,0,1.9,0
21735,4.94,0.62,0,0,0.62
136215,4.85,0.37,0,0.37,0
245243,5.19,0.58,0,0,0
30162,3.37,2.4,0,0.24,0
265811,5.65,1.47,0,1.23,0
368460,5.05,1.08,0,0.36,0
246789,4.91,1.4,0.35,0.35,0.7
262165,3.16,2.79,0.19,0.93,0
213207,4.21,1.87,0.47,0.47,0
270993,6.1,1.59,0.27,1.06,0
43371,7.89,0,0,0,0
112604,3.52,1.01,0,0,0
90667,10.84,0.7,0.35,0,0
79934,5.45,2.48,0,0,0
204085,4.67,0.47,0.47,0,0
267278,6.67,2.53,0.23,2.07,0
282586,2.36,2.06,0.88,0.29,0
90172,6.02,3.01,0,1.25,0.25
132570,4.51,0.41,0,0.41,0
126505,5.97,0.75,0,0.37,0
268836,2.12,4.42,0.38,0.77,0.58
247382,3.55,0.89,0,0,0.3
224631,2.13,0.71,0,0,0
251251,2.12,1.77,0.71,0,0
24602,1.88,0.63,0,0.63,0
132028,4.85,0.61,0,0,0
114945,5.22,1.74,0.43,0,0
89184,7.25,1.55,0,0.52,0
35684,4.59,1.02,0,0,0.51
231412,7.28,2.65,0,1.99,0
276771,3.15,1.18,0,0.79,0
26808,4.37,0.49,0,0,0
71987,2.45,6.13,0,0.61,0
246117,4.19,2.4,0,0.6,0
45175,4.74,2.37,0,1.42,0
49029,5.49,3.66,0,2.52,0
40970,3.96,1.44,0,0,0
219605,4.36,1.34,0,0.34,0
46497,1.84,4.29,0.61,1.23,0
36164,3.59,1.1,0,0,0
29044,4.09,1.09,0,0,0
69307,6.53,2.45,0,0.82,0.82
242166,6.02,3.34,0,1,0.33
122602,4.66,3.58,0,0.72,1.08
32459,6.86,3.43,0.49,0,0
270665,2.63,1.39,0,0,0.93
283935,2.34,4.09,0.58,0,0
80566,3.52,3.02,0,1.51,0
196364,3.85,3.5,0.7,0.7,0.35
116202,2.79,0.93,0,0.93,0
22689,3.6,3.6,0,0,0.8
131871,2.01,2.01,1.2,0,0
180923,4.12,1.65,0,0.82,0
52839,4.98,4.21,0.38,0.77,0.38
252177,4.13,2.75,0,0.92,0
78752,3,2.15,0,0.86,0
74197,4.69,0.94,0,0,0.47
96106,6.59,0,0,0,0
280794,2.8,4.66,0.7,0.7,0
230692,2.88,4.49,0.64,2.56,0.32
209775,6.64,1.66,0,0.83,0
120363,8,2.18,0.73,0.73,0.36
96099,2.59,2.59,0,0,1.11
128059,5.63,3.58,0,1.53,0.26
298736,3.11,1.65,0,0,0
224817,2.48,3.47,0,0.5,0
96700,4.82,3.07,0,1.32,0
214095,7.45,3.72,0,0,0.53
273032,3.05,1.22,0.2,0,0.41
91292,7.75,2.11,0,1.41,0
130366,0.85,1.7,0,0.43,0.43
63951,0.7,4.53,0.35,1.74,0
98513,6.63,0,0,0,0
109524,8.83,1.77,0,0.35,0
79935,1.92,4.49,0.32,0,0.32
112674,3.26,1.09,0,0,0
223377,4.02,1.79,0,0.45,0
98505,8.33,2.17,0,1.45,0.36
27863,4.11,3.77,0.34,0.68,0
118371,5.56,1.19,0,0.4,0.4
83119,4.29,1.84,0,0,0
188004,3.67,0.82,0,0,0.41
27888,3.28,2.73,0.55,0.55,0
91284,3.37,2.4,0.48,0.48,0.48
48724,3.56,0.79,0,0.4,0
96058,3.53,1.44,0.48,0,0.16
233366,4.76,0,0,0,0
245582,4.73,3.64,0.73,0.36,0.73
267092,3.91,3.22,0.46,0.92,0
38374,3.28,1.82,0,0,0
267694,4.19,4.84,0.65,0.97,0
140293,3.56,4,0,1.78,0
290546,2.01,2.41,0.8,0.4,0
323217,5.12,0.93,0,0,0
188825,6.71,1.01,0,0.34,0
258672,3.62,0.9,0,0.45,0
22884,5.3,1.14,0.38,0.38,0
57598,2.7,1.35,0,1.01,0
46495,5.2,2.89,0,0.58,0
60308,6.67,0,0,0,0
84924,6.9,1.53,0,0.38,0
255343,4.07,1.74,0,0,0
22649,4.1,0.41,0,0,0.41
73360,7.57,0.54,0,0,0.54
25640,2.98,1.19,0,0.6,0
107456,4.67,0.93,0,0,0.47
276217,4.67,0.97,0,0.19,0
90986,2.42,2.42,0.4,0.81,0
125344,5.97,3.46,0,0,0
22305,4.42,2.76,0,1.66,0.55
108573,7.91,0,0,0,0
42426,2.51,0,0,0,0
35692,5.91,1.34,0.27,0,0.27
31392,0.68,0,0,0,0
210555,7.51,1.73,0,0.58,1.16
25522,3.76,3.01,0,0.75,0.75
28006,1.19,4.52,0.24,1.43,0.95
238597,4.15,0.64,0,0,0.32
266366,1.58,3.33,0,0.32,0.48
202810,4.2,3.5,0.35,0,0
11650,3.91,0.49,0,0,0
114006,3.95,2.82,1.13,0,0
133888,5.05,0.92,0,0,0
83859,5.75,0.46,0,0,0
128258,4,2,0,0,1
236021,4.55,0.51,0.51,0,0
101635,4.17,3.75,0,0.83,0
233171,2.19,3.07,0,0.44,0.88
91252,3.23,5.07,0,2.76,0
267252,2.08,6.92,1.38,1.38,0
17769,4.33,1.44,0,0,0.48
44457,5.22,1.12,0,0.37,0
63956,10.87,1.63,0,0,0
256935,2.18,3.27,0.27,0.82,0.82
87434,4.55,0.38,0,0,0
273237,4.02,2.62,0,0.4,0
202431,1.88,2.5,1.25,0,0
93119,8.13,4.07,0,0.81,0
49417,3.46,2.39,0,1.33,0.53
233405,5,0.83,0,0.28,0.28
114016,5.7,3.51,0,3.07,0
33436,5.64,2.05,0,1.03,0
208322,4.93,2.82,0.35,0,0
74184,5.1,1.53,0,0,0
89747,4.59,2.29,0.23,0.46,0
216097,4.39,0.44,0,0,0
254298,3.32,2.99,0,1.66,0.66
234587,3.82,1.91,0.32,0.32,0.32
241124,3.19,1.59,0.4,0,0
105906,3.44,0.76,0,0,0
230252,4.9,1.96,1.47,0.49,0
105537,6.74,1.12,0,0.56,0
113369,3.67,3.21,0,1.38,0.92
206051,2.7,3.24,0.54,0,0
233940,4.36,0.67,0.34,0.34,0
28412,7.33,0.59,0,0,0
22880,5.18,2.59,0,1.04,0
251646,4.26,3.49,0,1.55,0
34984,3.54,4.3,0.25,2.28,0
131650,1.52,5.08,1.02,0.51,0
100499,4.1,0.51,0,0,0
101787,8.51,1.6,0,0.53,0
255408,5.42,1.2,0,0,0
280584,7.8,0.46,0,0.46,0
118573,3.18,2.55,0.32,0.64,0.64
139032,3.12,2.7,0,0,0.21
270449,2.01,1.34,0.67,0,0
204519,7.81,4.17,1.04,0.52,0.52
243646,3.56,2.59,0.32,0.32,1.29
233389,2.73,4.37,0,0,1.09
238545,4.01,1.87,0,0.27,0
49358,4.49,2.86,0,0,0.82
118639,5.58,1.86,0,0.74,0
222247,3.7,1.59,0,0.53,0.53
224622,4.09,0,0,0,0
160225,5.94,0.46,0,0,0
255226,3.15,3.72,0.57,0.86,0.57
40181,2.4,3.37,0.24,1.92,0.24
220134,3.57,4.32,0.19,1.13,0.56
84670,4.88,0.49,0,0,0
238023,4.51,3.92,0.59,1.37,0.2
68828,4.55,2.27,1.14,0,0
267255,3.82,2.87,0,0.32,0.32
79925,4.78,0.55,0,0,0.18
75892,7.95,2.27,0,0,0.57
127622,4.46,5.1,0,3.18,0
255224,5.28,3.11,0,0.31,0.62
58096,4.09,3.35,0.37,0,0.74
69707,3.1,1.67,0,0.71,0.48
31544,3.79,0,0,0,0
98649,4.21,0,0,0,0
89787,3.24,2.35,0,0.88,0
218708,3.21,1.07,0,0.36,0
203466,4.46,4.46,0,1.98,0
243056,3.79,2.07,1.03,0.69,0
46860,1.79,2.23,0,1.34,0
81668,0.8,3.21,0,0,0.8
17622,2.58,2.58,0.52,0.52,0
95147,6.47,2.88,0.72,0.72,0
31197,2.48,2.48,0,1.65,0.83
219600,2.66,1.18,0,0.3,0
253709,6.81,1.7,0.43,0,0
17811,2.6,1.56,0,0,0
244261,3.67,1.22,0,0,0
219614,3.46,2.31,0,1.73,0
302220,4.32,1.85,0.62,0.31,0
271594,3.23,2.31,0,0.46,0
210618,5.28,0.41,0,0,0
24202,0.45,5.91,0.91,0,0.91
238803,2.9,2.9,0,1.16,0.29
106941,5.2,3.47,0.58,0.58,0
238624,3.4,2.98,1.28,1.28,0
116213,2.58,0.86,0,0.43,0.43
101747,2.84,2.37,0,0.95,0
88881,4.15,1.55,0,1.55,0
135623,5.45,1.6,0.32,0.32,0.64
342407,4.13,1.59,0,0,0.63
210433,6.64,1.66,0,0,0.41
122439,3.18,1.27,0,0,0
35694,6.21,0.89,0,0.3,0
218912,4.17,1.67,0.83,0,0
134298,3.07,5.52,1.23,0.61,0
209758,3.64,0.36,0,0,0
130149,3.45,6.03,0,0,0
22277,6.9,1.38,0,0.69,0
254488,5.02,2.82,0.94,0.31,0
70280,2.21,1.58,0.63,0.95,0
58097,6.74,2.07,0,0,0
23343,7.78,0.3,0,0,0
66623,7.57,1.26,0,0.95,0
219775,7.55,0.47,0,0.47,0
88077,2.27,2.05,0.23,0,0.23
115134,6.67,1.82,0,0,0.61
