,conjunctToSent,conjunctTypesToSent,conjunctToWords,conjunctNum,conjunctTypesToTotal,conjunctNeighborSent
88888,0.38461538461538464,0.15384615384615385,0.026737967914438502,5,0.4,0.7692307692307693
207958,0.5,0.2,0.023148148148148147,5,0.4,0.5
93821,0.5789473684210527,0.10526315789473684,0.03374233128834356,11,0.18181818181818182,0.6842105263157895
224263,0.38095238095238093,0.14285714285714285,0.029304029304029304,8,0.375,0.7142857142857143
68828,0.4375,0.125,0.035897435897435895,7,0.2857142857142857,0.375
256174,0.2222222222222222,0.1111111111111111,0.0182648401826484,4,0.5,0.8888888888888888
47797,0.5833333333333334,0.25,0.029535864978902954,7,0.42857142857142855,0.6666666666666666
58151,0.8571428571428571,0.21428571428571427,0.06382978723404255,12,0.25,0.5714285714285714
160225,0.7647058823529411,0.11764705882352941,0.05138339920948617,13,0.15384615384615385,0.8823529411764706
48724,0.39285714285714285,0.10714285714285714,0.03481012658227848,11,0.2727272727272727,0.7857142857142857
40247,0.85,0.15,0.03837471783295711,17,0.17647058823529413,0.45
61531,0.10526315789473684,0.05263157894736842,0.0091324200913242,2,0.5,0.47368421052631576
238645,0.4482758620689655,0.13793103448275862,0.036619718309859155,13,0.3076923076923077,0.5172413793103449
46826,0.9230769230769231,0.15384615384615385,0.05357142857142857,12,0.16666666666666666,0.38461538461538464
125845,0.6153846153846154,0.15384615384615385,0.03361344537815126,8,0.25,0.46153846153846156
211611,0.47058823529411764,0.11764705882352941,0.03587443946188341,8,0.25,0.5294117647058824
226601,0.47619047619047616,0.14285714285714285,0.036101083032490974,10,0.3,0.38095238095238093
96642,0.8888888888888888,0.2222222222222222,0.0380952380952381,8,0.25,0.1111111111111111
34984,0.8095238095238095,0.14285714285714285,0.03881278538812785,17,0.17647058823529413,0.42857142857142855
89951,0.6666666666666666,0.1111111111111111,0.02823529411764706,12,0.16666666666666666,0.5555555555555556
102184,1.1176470588235294,0.17647058823529413,0.03822937625754527,19,0.15789473684210525,0.6470588235294118
87400,0.55,0.1,0.032448377581120944,11,0.18181818181818182,0.8
50479,1.0,0.13333333333333333,0.05725190839694656,15,0.13333333333333333,0.7333333333333333
256935,0.4827586206896552,0.13793103448275862,0.03218390804597701,14,0.2857142857142857,0.5172413793103449
233405,1.05,0.15,0.05134474327628362,21,0.14285714285714285,0.5
65939,1.4705882352941178,0.11764705882352941,0.06377551020408163,25,0.08,0.6470588235294118
83400,0.4666666666666667,0.13333333333333333,0.027131782945736434,7,0.2857142857142857,0.6
22373,0.7692307692307693,0.3076923076923077,0.03257328990228013,10,0.4,0.38461538461538464
230692,0.4090909090909091,0.09090909090909091,0.025495750708215296,9,0.2222222222222222,0.5454545454545454
29771,0.9166666666666666,0.08333333333333333,0.035483870967741936,11,0.09090909090909091,0.5
76124,1.0,0.23076923076923078,0.04234527687296417,13,0.23076923076923078,0.46153846153846156
31544,1.0769230769230769,0.23076923076923078,0.05714285714285714,14,0.21428571428571427,0.8461538461538461
29751,0.5,0.21428571428571427,0.030434782608695653,7,0.42857142857142855,0.5714285714285714
98155,0.5,0.18181818181818182,0.03293413173652695,11,0.36363636363636365,0.5454545454545454
209775,1.0,0.23076923076923078,0.04744525547445255,13,0.23076923076923078,0.6923076923076923
32681,0.8888888888888888,0.2222222222222222,0.03463203463203463,8,0.25,0.4444444444444444
370404,0.9444444444444444,0.16666666666666666,0.05448717948717949,17,0.17647058823529413,0.4444444444444444
80855,0.21739130434782608,0.08695652173913043,0.01953125,5,0.4,0.7391304347826086
101880,0.4666666666666667,0.1,0.027833001988071572,14,0.21428571428571427,0.7666666666666667
46808,0.6,0.13333333333333333,0.04205607476635514,9,0.2222222222222222,0.4666666666666667
125868,0.4117647058823529,0.17647058823529413,0.03167420814479638,7,0.42857142857142855,0.6470588235294118
81668,1.2727272727272727,0.36363636363636365,0.047619047619047616,14,0.2857142857142857,0.45454545454545453
116219,0.19047619047619047,0.09523809523809523,0.013605442176870748,4,0.5,0.9047619047619048
224285,0.6470588235294118,0.17647058823529413,0.039285714285714285,11,0.2727272727272727,0.4117647058823529
238889,0.7333333333333333,0.2,0.03503184713375796,11,0.2727272727272727,0.4666666666666667
84133,0.5384615384615384,0.11538461538461539,0.03910614525139665,14,0.21428571428571427,0.5769230769230769
27798,1.0555555555555556,0.1111111111111111,0.04738154613466334,19,0.10526315789473684,0.6666666666666666
199215,0.7272727272727273,0.2727272727272727,0.042105263157894736,8,0.375,0.36363636363636365
264418,1.1111111111111112,0.1111111111111111,0.04149377593360996,20,0.1,0.6666666666666666
91292,0.625,0.125,0.029940119760479042,5,0.2,0.25
272624,0.8095238095238095,0.19047619047619047,0.032504780114722756,17,0.23529411764705882,0.42857142857142855
107182,0.36,0.08,0.027439024390243903,9,0.2222222222222222,0.68
114945,1.5,0.25,0.047244094488188976,12,0.16666666666666666,0.5
41381,0.8461538461538461,0.15384615384615385,0.041666666666666664,11,0.18181818181818182,0.46153846153846156
89266,1.0588235294117647,0.17647058823529413,0.04603580562659847,18,0.16666666666666666,0.8823529411764706
230422,0.76,0.04,0.038696537678207736,19,0.05263157894736842,0.56
223926,1.1666666666666667,0.16666666666666666,0.056,14,0.14285714285714285,0.16666666666666666
61035,1.25,0.25,0.08620689655172414,15,0.2,0.5833333333333334
121400,0.7142857142857143,0.14285714285714285,0.038461538461538464,10,0.2,0.6428571428571429
202431,0.8888888888888888,0.2222222222222222,0.045454545454545456,8,0.25,0.1111111111111111
299754,1.2222222222222223,0.16666666666666666,0.05472636815920398,22,0.13636363636363635,0.6111111111111112
193291,2.1666666666666665,0.16666666666666666,0.050980392156862744,13,0.07692307692307693,0.16666666666666666
111363,0.6363636363636364,0.2727272727272727,0.03553299492385787,7,0.42857142857142855,0.45454545454545453
22689,0.7142857142857143,0.21428571428571427,0.034013605442176874,10,0.3,0.42857142857142855
187775,1.6666666666666667,0.3333333333333333,0.029850746268656716,10,0.2,0.5
136211,1.6,0.3,0.06201550387596899,16,0.1875,0.4
87434,0.47058823529411764,0.17647058823529413,0.026058631921824105,8,0.375,0.5294117647058824
41032,0.6666666666666666,0.16666666666666666,0.04240282685512368,12,0.25,0.6666666666666666
261902,0.6176470588235294,0.058823529411764705,0.03442622950819672,21,0.09523809523809523,0.5882352941176471
28142,1.4444444444444444,0.1111111111111111,0.059907834101382486,13,0.07692307692307693,0.2222222222222222
282560,0.5652173913043478,0.13043478260869565,0.03768115942028986,13,0.23076923076923078,0.9130434782608695
132570,0.6153846153846154,0.15384615384615385,0.029850746268656716,8,0.25,0.5384615384615384
65068,0.9090909090909091,0.045454545454545456,0.0380952380952381,20,0.05,0.7272727272727273
92221,0.7142857142857143,0.14285714285714285,0.05154639175257732,15,0.2,0.8095238095238095
234053,0.26666666666666666,0.1,0.022857142857142857,8,0.375,0.8
30162,1.7142857142857142,0.21428571428571427,0.05010438413361169,24,0.125,0.42857142857142855
71987,0.5384615384615384,0.15384615384615385,0.03664921465968586,7,0.2857142857142857,0.8461538461538461
23343,0.6666666666666666,0.125,0.041666666666666664,16,0.1875,0.5833333333333334
97289,1.4166666666666667,0.16666666666666666,0.05647840531561462,17,0.11764705882352941,0.3333333333333333
49029,1.0,0.21052631578947367,0.03877551020408163,19,0.21052631578947367,0.7894736842105263
225343,0.3157894736842105,0.10526315789473684,0.02247191011235955,6,0.3333333333333333,0.3157894736842105
273032,0.7407407407407407,0.1111111111111111,0.03717472118959108,20,0.15,0.7777777777777778
26113,0.6428571428571429,0.35714285714285715,0.043478260869565216,9,0.5555555555555556,0.5714285714285714
102389,0.4117647058823529,0.17647058823529413,0.03139013452914798,7,0.42857142857142855,0.23529411764705882
107456,0.5333333333333333,0.2,0.03305785123966942,8,0.375,0.6
228561,1.2222222222222223,0.2222222222222222,0.046218487394957986,11,0.18181818181818182,0.4444444444444444
94983,0.5625,0.1875,0.0391304347826087,9,0.3333333333333333,0.5
229808,0.9090909090909091,0.18181818181818182,0.04975124378109453,10,0.2,0.45454545454545453
208322,1.0625,0.1875,0.054838709677419356,17,0.17647058823529413,0.4375
290546,0.6666666666666666,0.16666666666666666,0.02909090909090909,8,0.25,0.25
261267,0.44,0.12,0.027848101265822784,11,0.2727272727272727,0.84
24814,1.0,0.2,0.04807692307692308,10,0.2,0.8
106514,0.35,0.1,0.02491103202846975,7,0.2857142857142857,0.75
188334,0.42105263157894735,0.10526315789473684,0.03187250996015936,8,0.25,0.7894736842105263
139032,0.95,0.15,0.034420289855072464,19,0.15789473684210525,0.85
272817,0.3055555555555556,0.08333333333333333,0.02546296296296296,11,0.2727272727272727,0.7222222222222222
121128,0.38461538461538464,0.23076923076923078,0.024509803921568627,5,0.6,0.46153846153846156
118583,0.38461538461538464,0.3076923076923077,0.019230769230769232,5,0.8,0.6923076923076923
27880,0.6428571428571429,0.07142857142857142,0.05325443786982249,9,0.1111111111111111,0.6428571428571429
208148,0.5,0.14285714285714285,0.021875,7,0.2857142857142857,0.5
125344,6.666666666666667,0.6666666666666666,0.05649717514124294,20,0.1,0.3333333333333333
243797,0.7222222222222222,0.16666666666666666,0.029953917050691243,13,0.23076923076923078,0.4444444444444444
327283,0.55,0.1,0.03353658536585366,11,0.18181818181818182,0.45
49264,2.2,0.6,0.061452513966480445,11,0.2727272727272727,0.6
38019,1.1428571428571428,0.14285714285714285,0.050473186119873815,16,0.125,0.5
207977,0.5,0.08333333333333333,0.03076923076923077,6,0.16666666666666666,0.3333333333333333
266366,1.380952380952381,0.14285714285714285,0.0420899854862119,29,0.10344827586206896,0.47619047619047616
213619,1.1538461538461537,0.15384615384615385,0.06172839506172839,15,0.13333333333333333,0.38461538461538464
226602,0.375,0.0625,0.023529411764705882,6,0.16666666666666666,0.4375
93828,0.5882352941176471,0.11764705882352941,0.03731343283582089,10,0.2,0.6470588235294118
74204,1.0,0.21428571428571427,0.054901960784313725,14,0.21428571428571427,0.7142857142857143
22798,1.0833333333333333,0.25,0.050980392156862744,13,0.23076923076923078,0.3333333333333333
241164,0.9333333333333333,0.06666666666666667,0.052434456928838954,14,0.07142857142857142,0.5333333333333333
217395,0.2857142857142857,0.09523809523809523,0.022727272727272728,6,0.3333333333333333,0.42857142857142855
96337,0.9285714285714286,0.14285714285714285,0.05058365758754864,13,0.15384615384615385,0.8571428571428571
203466,0.42857142857142855,0.07142857142857142,0.02727272727272727,6,0.16666666666666666,0.2857142857142857
88792,1.2307692307692308,0.23076923076923078,0.05351170568561873,16,0.1875,0.6153846153846154
241638,0.7777777777777778,0.2222222222222222,0.026615969581749048,7,0.2857142857142857,0.4444444444444444
257247,0.8,0.13333333333333333,0.03934426229508197,12,0.16666666666666666,0.6
88077,2.5454545454545454,0.2727272727272727,0.05725971370143149,28,0.10714285714285714,0.36363636363636365
30036,0.9090909090909091,0.2727272727272727,0.05319148936170213,10,0.3,0.6363636363636364
112172,0.625,0.125,0.04838709677419355,15,0.2,0.75
231412,0.5384615384615384,0.15384615384615385,0.03888888888888889,7,0.2857142857142857,0.8461538461538461
137827,0.5555555555555556,0.2222222222222222,0.023474178403755867,5,0.4,0.4444444444444444
368460,1.2142857142857142,0.14285714285714285,0.05555555555555555,17,0.11764705882352941,0.7142857142857143
49903,0.9444444444444444,0.16666666666666666,0.035196687370600416,17,0.17647058823529413,0.7777777777777778
239242,1.0625,0.1875,0.06093189964157706,17,0.17647058823529413,0.3125
130633,0.6153846153846154,0.23076923076923078,0.031496062992125984,8,0.375,0.23076923076923078
193322,0.375,0.1875,0.031088082901554404,6,0.5,0.625
98187,0.47058823529411764,0.17647058823529413,0.03686635944700461,8,0.375,0.4117647058823529
216007,0.5833333333333334,0.08333333333333333,0.031914893617021274,21,0.14285714285714285,0.6111111111111112
110824,0.7333333333333333,0.06666666666666667,0.038869257950530034,11,0.09090909090909091,0.7333333333333333
40266,1.3571428571428572,0.14285714285714285,0.03861788617886179,19,0.10526315789473684,0.6428571428571429
236021,1.0,0.13333333333333333,0.06550218340611354,15,0.13333333333333333,0.5333333333333333
288714,0.2727272727272727,0.18181818181818182,0.025,6,0.6666666666666666,0.7272727272727273
84176,0.46153846153846156,0.07692307692307693,0.020477815699658702,6,0.16666666666666666,0.6923076923076923
238567,0.2631578947368421,0.10526315789473684,0.019762845849802372,5,0.4,0.47368421052631576
100499,0.6153846153846154,0.23076923076923078,0.035555555555555556,8,0.375,0.6153846153846154
263444,0.5135135135135135,0.05405405405405406,0.027900146842878122,19,0.10526315789473684,0.7837837837837838
265302,1.1,0.2,0.038461538461538464,22,0.18181818181818182,0.55
233431,0.7,0.15,0.045454545454545456,14,0.21428571428571427,0.7
224631,0.9285714285714286,0.07142857142857142,0.040123456790123455,13,0.07692307692307693,0.2857142857142857
74184,0.5,0.16666666666666666,0.03982300884955752,9,0.3333333333333333,0.16666666666666666
121117,0.5,0.25,0.03571428571428571,6,0.5,0.5
241172,1.2,0.4,0.05714285714285714,12,0.3333333333333333,0.3
93119,0.15384615384615385,0.15384615384615385,0.013793103448275862,2,1.0,0.46153846153846156
63951,0.8888888888888888,0.1111111111111111,0.048484848484848485,16,0.125,0.7222222222222222
16145,0.7894736842105263,0.10526315789473684,0.05928853754940711,15,0.13333333333333333,0.7894736842105263
124190,0.6666666666666666,0.2,0.03937007874015748,10,0.3,0.6
295793,0.5714285714285714,0.14285714285714285,0.0410958904109589,12,0.25,0.3333333333333333
84140,1.0,0.375,0.03864734299516908,8,0.375,0.625
204085,0.5384615384615384,0.15384615384615385,0.026717557251908396,7,0.2857142857142857,0.38461538461538464
270771,1.5,0.3,0.043227665706051875,15,0.2,0.2
251839,0.38095238095238093,0.14285714285714285,0.023391812865497075,8,0.375,0.8095238095238095
246216,0.8666666666666667,0.13333333333333333,0.04126984126984127,13,0.15384615384615385,0.4666666666666667
290088,0.8,0.2,0.04597701149425287,12,0.25,0.6
35684,1.1,0.2,0.049773755656108594,11,0.18181818181818182,0.6
227173,0.6842105263157895,0.10526315789473684,0.034574468085106384,13,0.15384615384615385,0.5789473684210527
74115,1.0769230769230769,0.23076923076923078,0.06278026905829596,14,0.21428571428571427,0.6923076923076923
50103,1.0,0.2727272727272727,0.044897959183673466,11,0.2727272727272727,0.7272727272727273
209354,0.5714285714285714,0.14285714285714285,0.030418250950570342,8,0.25,0.8571428571428571
27863,1.0833333333333333,0.25,0.039634146341463415,13,0.23076923076923078,0.6666666666666666
134298,0.8947368421052632,0.10526315789473684,0.044386422976501305,17,0.11764705882352941,0.7894736842105263
179797,0.3333333333333333,0.13333333333333333,0.025510204081632654,5,0.4,0.7333333333333333
113491,0.75,0.16666666666666666,0.043689320388349516,9,0.2222222222222222,0.5833333333333334
22360,1.0,0.25,0.041666666666666664,8,0.25,0.375
49358,0.35294117647058826,0.11764705882352941,0.020905923344947737,6,0.3333333333333333,0.6470588235294118
79934,1.5,0.2,0.06521739130434782,15,0.13333333333333333,0.7
224599,0.6,0.13333333333333333,0.028125,9,0.2222222222222222,0.4666666666666667
204519,1.1,0.3,0.05116279069767442,11,0.2727272727272727,0.7
56006,0.7333333333333333,0.2,0.04247104247104247,11,0.2727272727272727,0.3333333333333333
139006,2.2666666666666666,0.26666666666666666,0.0425531914893617,34,0.11764705882352941,0.6666666666666666
247318,0.4117647058823529,0.17647058823529413,0.029914529914529916,7,0.42857142857142855,0.4117647058823529
206507,0.3125,0.125,0.01845018450184502,5,0.4,0.5625
113265,1.0769230769230769,0.23076923076923078,0.05363984674329502,14,0.21428571428571427,0.5384615384615384
219614,1.0,0.23529411764705882,0.04392764857881137,17,0.23529411764705882,0.5294117647058824
224622,1.3333333333333333,0.5,0.03319502074688797,8,0.375,0.3333333333333333
112433,0.6923076923076923,0.15384615384615385,0.03345724907063197,9,0.2222222222222222,0.46153846153846156
105553,1.3,0.2,0.06435643564356436,13,0.15384615384615385,0.5
224472,0.7333333333333333,0.2,0.044534412955465584,11,0.2727272727272727,0.6
107585,1.0,0.13636363636363635,0.0419047619047619,22,0.13636363636363635,0.7727272727272727
42946,0.875,0.1875,0.05622489959839357,14,0.21428571428571427,0.625
110203,0.75,0.25,0.036885245901639344,9,0.3333333333333333,0.8333333333333334
26115,0.23529411764705882,0.11764705882352941,0.017777777777777778,4,0.5,0.4117647058823529
74101,0.8181818181818182,0.2727272727272727,0.045454545454545456,9,0.3333333333333333,0.36363636363636365
265811,0.9523809523809523,0.09523809523809523,0.04319654427645788,20,0.1,0.9047619047619048
116213,0.6875,0.125,0.041353383458646614,11,0.18181818181818182,0.875
223377,0.42105263157894735,0.10526315789473684,0.030534351145038167,8,0.25,0.8947368421052632
91284,0.3333333333333333,0.08333333333333333,0.017543859649122806,4,0.25,0.16666666666666666
101787,0.2777777777777778,0.1111111111111111,0.02262443438914027,5,0.4,0.5555555555555556
27857,2.5714285714285716,0.2857142857142857,0.07531380753138076,18,0.1111111111111111,0.7142857142857143
188825,0.8571428571428571,0.14285714285714285,0.055384615384615386,18,0.16666666666666666,0.7619047619047619
80866,0.3684210526315789,0.10526315789473684,0.03153153153153153,7,0.2857142857142857,0.5789473684210527
239572,0.9166666666666666,0.08333333333333333,0.04296875,11,0.09090909090909091,0.4166666666666667
224817,3.3333333333333335,0.6666666666666666,0.04504504504504504,10,0.2,0.3333333333333333
21735,0.6,0.13333333333333333,0.05084745762711865,9,0.2222222222222222,0.6
74197,1.8181818181818181,0.2727272727272727,0.0851063829787234,20,0.15,0.8181818181818182
219600,0.48148148148148145,0.1111111111111111,0.033766233766233764,13,0.23076923076923078,0.5555555555555556
122581,1.0,0.25,0.041811846689895474,12,0.25,0.25
88119,1.6666666666666667,0.2222222222222222,0.08287292817679558,15,0.13333333333333333,0.1111111111111111
236399,0.4,0.13333333333333333,0.031413612565445025,6,0.3333333333333333,0.4666666666666667
290062,0.6153846153846154,0.07692307692307693,0.04790419161676647,8,0.125,0.8461538461538461
220200,0.9375,0.1875,0.05190311418685121,15,0.2,0.375
261900,0.5625,0.08333333333333333,0.03543307086614173,27,0.14814814814814814,0.6666666666666666
69707,2.5,0.3,0.05458515283842795,25,0.12,0.2
36098,0.8461538461538461,0.23076923076923078,0.06395348837209303,11,0.2727272727272727,0.5384615384615384
254488,2.090909090909091,0.2727272727272727,0.06571428571428571,23,0.13043478260869565,0.45454545454545453
214095,0.47058823529411764,0.17647058823529413,0.0365296803652968,8,0.375,0.5882352941176471
16530,1.0,0.2727272727272727,0.04954954954954955,11,0.2727272727272727,0.6363636363636364
26690,1.3571428571428572,0.14285714285714285,0.05413105413105413,19,0.10526315789473684,0.42857142857142855
216097,0.6363636363636364,0.18181818181818182,0.028112449799196786,7,0.2857142857142857,0.5454545454545454
262226,0.20689655172413793,0.10344827586206896,0.021739130434782608,6,0.5,0.9310344827586207
202810,0.75,0.1875,0.03508771929824561,12,0.25,0.625
69268,1.3,0.2,0.05803571428571429,13,0.15384615384615385,0.4
210259,1.0476190476190477,0.14285714285714285,0.04271844660194175,22,0.13636363636363635,0.7142857142857143
104739,0.6923076923076923,0.15384615384615385,0.027607361963190184,9,0.2222222222222222,0.38461538461538464
535523,0.6818181818181818,0.13636363636363635,0.043227665706051875,15,0.2,0.5454545454545454
35692,1.125,0.125,0.04295942720763723,18,0.1111111111111111,0.375
112148,0.5625,0.125,0.0371900826446281,9,0.2222222222222222,0.625
203806,1.3571428571428572,0.10714285714285714,0.05184174624829468,38,0.07894736842105263,0.4642857142857143
215318,0.4444444444444444,0.1111111111111111,0.0392156862745098,8,0.25,0.5555555555555556
206585,1.1111111111111112,0.2222222222222222,0.03745318352059925,10,0.2,0.6666666666666666
27888,0.6666666666666666,0.16666666666666666,0.038834951456310676,8,0.25,0.3333333333333333
241178,1.875,0.125,0.054945054945054944,15,0.06666666666666667,0.625
99501,1.0,0.1875,0.04833836858006042,16,0.1875,0.75
341382,1.7142857142857142,0.2857142857142857,0.06666666666666667,12,0.16666666666666666,0.2857142857142857
68721,0.6875,0.125,0.04700854700854701,11,0.18181818181818182,0.5
22884,0.7142857142857143,0.14285714285714285,0.03333333333333333,10,0.2,0.7142857142857143
276217,0.7727272727272727,0.09090909090909091,0.05396825396825397,34,0.11764705882352941,0.5454545454545454
47939,0.6153846153846154,0.23076923076923078,0.02973977695167286,8,0.375,0.6153846153846154
87161,0.7058823529411765,0.11764705882352941,0.0326975476839237,12,0.16666666666666666,0.23529411764705882
79019,0.8181818181818182,0.2727272727272727,0.04918032786885246,9,0.3333333333333333,0.5454545454545454
274219,0.7857142857142857,0.14285714285714285,0.04044117647058824,11,0.18181818181818182,0.42857142857142855
56989,0.5,0.1875,0.03375527426160337,8,0.375,0.5625
202990,0.6,0.15,0.0332409972299169,12,0.25,0.55
80914,0.75,0.25,0.03333333333333333,9,0.3333333333333333,0.5
189966,0.6071428571428571,0.07142857142857142,0.04096385542168675,17,0.11764705882352941,0.8571428571428571
92578,0.6428571428571429,0.21428571428571427,0.024128686327077747,9,0.3333333333333333,0.7142857142857143
108573,0.6666666666666666,0.25,0.03980099502487562,8,0.375,0.4166666666666667
270993,0.9473684210526315,0.21052631578947367,0.04225352112676056,18,0.2222222222222222,0.7894736842105263
298736,0.425,0.075,0.027287319422150885,17,0.17647058823529413,0.6
255343,0.3333333333333333,0.13333333333333333,0.025252525252525252,5,0.4,0.4666666666666667
58554,0.6923076923076923,0.07692307692307693,0.036290322580645164,9,0.1111111111111111,0.23076923076923078
21638,0.7777777777777778,0.2222222222222222,0.0330188679245283,7,0.2857142857142857,0.5555555555555556
233366,1.4,0.3,0.07407407407407407,14,0.21428571428571427,0.4
33439,0.6428571428571429,0.14285714285714285,0.03529411764705882,9,0.2222222222222222,0.35714285714285715
66623,0.5714285714285714,0.10714285714285714,0.04289544235924933,16,0.1875,0.6428571428571429
40129,1.3333333333333333,0.3333333333333333,0.05357142857142857,12,0.25,0.7777777777777778
102858,0.5714285714285714,0.10714285714285714,0.03524229074889868,16,0.1875,0.9285714285714286
301321,1.0,0.16666666666666666,0.04851752021563342,18,0.16666666666666666,0.5
127490,0.4166666666666667,0.16666666666666666,0.023255813953488372,5,0.4,0.4166666666666667
183364,1.0714285714285714,0.21428571428571427,0.04411764705882353,15,0.2,0.7142857142857143
88791,0.5,0.1111111111111111,0.036585365853658534,9,0.2222222222222222,0.4444444444444444
58096,0.7142857142857143,0.14285714285714285,0.04643962848297214,15,0.2,0.42857142857142855
221274,0.8333333333333334,0.25,0.03215434083601286,10,0.3,0.5833333333333334
210240,1.8888888888888888,0.2222222222222222,0.058419243986254296,17,0.11764705882352941,0.3333333333333333
122439,0.6666666666666666,0.16666666666666666,0.04371584699453552,8,0.25,0.6666666666666666
94215,0.7333333333333333,0.13333333333333333,0.04365079365079365,11,0.18181818181818182,0.4666666666666667
271366,0.56,0.06,0.03398058252427184,28,0.10714285714285714,0.8
252177,0.8571428571428571,0.14285714285714285,0.04819277108433735,12,0.16666666666666666,0.7142857142857143
158832,0.7333333333333333,0.13333333333333333,0.046610169491525424,11,0.18181818181818182,0.8666666666666667
301320,0.72,0.12,0.05056179775280899,18,0.16666666666666666,0.68
260199,1.0,0.25,0.04918032786885246,12,0.25,0.5
25271,1.1333333333333333,0.2,0.057432432432432436,17,0.17647058823529413,0.8666666666666667
90172,1.1176470588235294,0.17647058823529413,0.04139433551198257,19,0.15789473684210525,0.6470588235294118
233880,1.75,0.25,0.05555555555555555,21,0.14285714285714285,0.5
30763,0.95,0.1,0.05621301775147929,19,0.10526315789473684,0.7
120363,1.2727272727272727,0.2727272727272727,0.04560260586319218,14,0.21428571428571427,0.6363636363636364
71459,0.6521739130434783,0.13043478260869565,0.061224489795918366,15,0.2,0.8260869565217391
74532,1.3,0.3,0.051181102362204724,13,0.23076923076923078,0.4
34684,0.45454545454545453,0.18181818181818182,0.020833333333333332,5,0.4,0.45454545454545453
92291,1.7272727272727273,0.18181818181818182,0.07063197026022305,19,0.10526315789473684,0.6363636363636364
22277,0.3333333333333333,0.25,0.024096385542168676,4,0.75,0.6666666666666666
136647,1.2,0.2,0.03592814371257485,6,0.16666666666666666,0.4
273237,0.6666666666666666,0.06060606060606061,0.03636363636363636,22,0.09090909090909091,0.8787878787878788
70420,0.47619047619047616,0.047619047619047616,0.04081632653061224,10,0.1,0.8095238095238095
97463,1.0,0.15,0.05154639175257732,20,0.15,0.3
191616,1.2413793103448276,0.10344827586206896,0.05056179775280899,36,0.08333333333333333,0.7241379310344828
46860,0.47619047619047616,0.09523809523809523,0.03731343283582089,10,0.2,0.6190476190476191
275248,4.666666666666667,0.6666666666666666,0.046357615894039736,14,0.14285714285714285,0.0
46497,0.7142857142857143,0.2857142857142857,0.028409090909090908,5,0.4,0.42857142857142855
223333,1.2307692307692308,0.23076923076923078,0.06896551724137931,16,0.1875,0.3076923076923077
187566,0.6842105263157895,0.15789473684210525,0.0429042904290429,13,0.23076923076923078,0.47368421052631576
206621,0.7857142857142857,0.14285714285714285,0.03832752613240418,11,0.18181818181818182,0.5714285714285714
93807,0.5789473684210527,0.10526315789473684,0.034375,11,0.18181818181818182,0.7894736842105263
154449,0.5,0.1875,0.042328042328042326,8,0.375,0.75
255338,0.7142857142857143,0.21428571428571427,0.04424778761061947,10,0.3,0.42857142857142855
98562,0.3333333333333333,0.16666666666666666,0.02127659574468085,4,0.5,0.5833333333333334
102534,1.8571428571428572,0.21428571428571427,0.055674518201284794,26,0.11538461538461539,0.5714285714285714
36116,1.0,0.2,0.04149377593360996,10,0.2,0.4
89787,0.5,0.08333333333333333,0.02891566265060241,12,0.16666666666666666,0.4166666666666667
210618,0.6,0.1,0.041666666666666664,12,0.16666666666666666,0.35
17622,0.625,0.125,0.022026431718061675,5,0.2,0.5
188004,0.9411764705882353,0.11764705882352941,0.058823529411764705,16,0.125,0.5882352941176471
131871,0.6363636363636364,0.2727272727272727,0.026515151515151516,7,0.42857142857142855,0.36363636363636365
30762,1.5,0.2222222222222222,0.06733167082294264,27,0.14814814814814814,0.6666666666666666
112509,0.75,0.375,0.04918032786885246,6,0.5,0.25
90008,4.0,0.75,0.04,16,0.1875,0.5
267252,0.9523809523809523,0.14285714285714285,0.05813953488372093,20,0.15,0.5714285714285714
81615,1.0,0.2,0.04975124378109453,10,0.2,0.6
210238,0.7142857142857143,0.09523809523809523,0.043227665706051875,15,0.13333333333333333,0.42857142857142855
110788,1.7777777777777777,0.2222222222222222,0.07272727272727272,16,0.125,0.3333333333333333
70710,2.5,0.3333333333333333,0.07317073170731707,15,0.13333333333333333,0.6666666666666666
236442,0.6428571428571429,0.14285714285714285,0.04838709677419355,9,0.2222222222222222,0.2857142857142857
202826,0.7647058823529411,0.11764705882352941,0.04126984126984127,13,0.15384615384615385,0.7058823529411765
130366,1.2857142857142858,0.14285714285714285,0.06691449814126393,18,0.1111111111111111,0.42857142857142855
80640,1.0,0.3,0.05025125628140704,10,0.3,0.7
275603,3.3333333333333335,0.6666666666666666,0.04184100418410042,10,0.2,0.3333333333333333
111734,0.6666666666666666,0.16666666666666666,0.031007751937984496,8,0.25,0.3333333333333333
276771,1.0,0.125,0.05574912891986063,16,0.125,0.625
19664,1.7272727272727273,0.2727272727272727,0.0572289156626506,19,0.15789473684210525,0.8181818181818182
47472,0.7777777777777778,0.16666666666666666,0.052830188679245285,14,0.21428571428571427,0.6666666666666666
26808,0.5714285714285714,0.14285714285714285,0.03404255319148936,8,0.25,0.42857142857142855
118573,4.0,1.0,0.03614457831325301,12,0.25,0.3333333333333333
110209,0.5882352941176471,0.17647058823529413,0.034013605442176874,10,0.3,0.8823529411764706
96194,0.29411764705882354,0.11764705882352941,0.02358490566037736,5,0.4,0.5882352941176471
91002,0.6666666666666666,0.25,0.028368794326241134,8,0.375,0.5833333333333334
105963,1.0,0.15384615384615385,0.043478260869565216,13,0.15384615384615385,0.6923076923076923
10219,0.5625,0.125,0.038461538461538464,9,0.2222222222222222,0.875
96099,0.8,0.2,0.03870967741935484,12,0.25,0.4666666666666667
270444,1.1818181818181819,0.18181818181818182,0.04234527687296417,13,0.15384615384615385,0.36363636363636365
257531,0.38095238095238093,0.14285714285714285,0.02572347266881029,8,0.375,0.6190476190476191
37117,0.9333333333333333,0.2,0.03056768558951965,14,0.21428571428571427,0.3333333333333333
136205,0.7777777777777778,0.1111111111111111,0.044444444444444446,14,0.14285714285714285,0.8888888888888888
103114,0.8947368421052632,0.10526315789473684,0.04381443298969072,17,0.11764705882352941,0.6842105263157895
88881,0.47058823529411764,0.17647058823529413,0.03508771929824561,8,0.375,0.5882352941176471
38154,1.125,0.25,0.05056179775280899,9,0.2222222222222222,0.5
94525,0.5833333333333334,0.25,0.03286384976525822,7,0.42857142857142855,0.4166666666666667
220548,0.9629629629629629,0.1111111111111111,0.04227642276422764,26,0.11538461538461539,0.7037037037037037
210433,0.8181818181818182,0.18181818181818182,0.034482758620689655,9,0.2222222222222222,0.6363636363636364
29758,0.6666666666666666,0.16666666666666666,0.04040404040404041,12,0.25,0.5555555555555556
110754,0.35714285714285715,0.14285714285714285,0.02564102564102564,5,0.4,0.42857142857142855
229967,0.6923076923076923,0.15384615384615385,0.04390243902439024,9,0.2222222222222222,0.5384615384615384
130426,1.0,0.09090909090909091,0.054455445544554455,11,0.09090909090909091,0.7272727272727273
50478,1.0,0.18181818181818182,0.04435483870967742,11,0.18181818181818182,0.8181818181818182
116481,0.75,0.1,0.03937007874015748,15,0.13333333333333333,0.5
254216,1.0,0.17647058823529413,0.061371841155234655,17,0.17647058823529413,0.7647058823529411
283935,0.6666666666666666,0.3333333333333333,0.02843601895734597,6,0.5,0.5555555555555556
28412,0.29411764705882354,0.058823529411764705,0.024875621890547265,10,0.2,0.5294117647058824
30646,1.0666666666666667,0.13333333333333333,0.0653061224489796,16,0.125,0.6
61247,0.7857142857142857,0.07142857142857142,0.051643192488262914,11,0.09090909090909091,0.5714285714285714
266791,0.7435897435897436,0.07692307692307693,0.03994490358126722,29,0.10344827586206896,0.5384615384615384
190740,0.7647058823529411,0.17647058823529413,0.041666666666666664,13,0.23076923076923078,0.8823529411764706
222116,1.0909090909090908,0.18181818181818182,0.05660377358490566,12,0.16666666666666666,0.36363636363636365
47056,0.6470588235294118,0.11764705882352941,0.03313253012048193,11,0.18181818181818182,0.6470588235294118
250343,1.5,0.4,0.05154639175257732,15,0.26666666666666666,0.5
78398,1.3333333333333333,0.125,0.0564373897707231,32,0.09375,0.5416666666666666
227426,0.4090909090909091,0.09090909090909091,0.031141868512110725,9,0.2222222222222222,0.5454545454545454
270416,0.4117647058823529,0.11764705882352941,0.029411764705882353,7,0.2857142857142857,0.7647058823529411
216857,0.6666666666666666,0.125,0.047337278106508875,16,0.1875,0.6666666666666666
243341,0.21428571428571427,0.07142857142857142,0.015306122448979591,9,0.3333333333333333,0.9047619047619048
24196,0.55,0.1,0.03089887640449438,11,0.18181818181818182,0.6
75441,0.46153846153846156,0.23076923076923078,0.027906976744186046,6,0.5,0.6923076923076923
291121,0.8,0.13333333333333333,0.040268456375838924,12,0.16666666666666666,0.4666666666666667
113162,0.7619047619047619,0.14285714285714285,0.04020100502512563,16,0.1875,0.42857142857142855
181504,0.76,0.12,0.04960835509138381,19,0.15789473684210525,0.64
118354,0.7,0.2,0.03070175438596491,7,0.2857142857142857,0.4
75892,1.1,0.2,0.05641025641025641,11,0.18181818181818182,0.7
222247,1.2941176470588236,0.17647058823529413,0.05200945626477541,22,0.13636363636363635,0.17647058823529413
241124,0.6363636363636364,0.36363636363636365,0.02527075812274368,7,0.5714285714285714,0.5454545454545454
35694,0.5454545454545454,0.13636363636363635,0.03,12,0.25,0.45454545454545453
283495,1.1,0.3,0.05583756345177665,11,0.2727272727272727,0.8
79935,0.8181818181818182,0.13636363636363635,0.05142857142857143,18,0.16666666666666666,0.36363636363636365
233940,0.5555555555555556,0.1111111111111111,0.03067484662576687,10,0.2,0.5555555555555556
341983,0.6818181818181818,0.13636363636363635,0.04854368932038835,15,0.2,0.8181818181818182
112169,0.5882352941176471,0.11764705882352941,0.03496503496503497,10,0.2,0.47058823529411764
233171,1.4,0.2,0.05785123966942149,14,0.14285714285714285,0.5
121584,1.2,0.3,0.04780876494023904,12,0.25,0.4
237385,1.1176470588235294,0.17647058823529413,0.05475504322766571,19,0.15789473684210525,0.6470588235294118
56853,0.9166666666666666,0.25,0.04602510460251046,11,0.2727272727272727,0.4166666666666667
17769,0.45,0.1,0.03765690376569038,9,0.2222222222222222,0.8
96350,0.7,0.15,0.05263157894736842,14,0.21428571428571427,0.65
110794,1.375,0.375,0.057291666666666664,11,0.2727272727272727,0.25
22785,1.0,0.2,0.05102040816326531,15,0.2,0.4666666666666667
111104,0.68,0.08,0.04815864022662889,17,0.11764705882352941,0.76
95147,2.0,0.6,0.06622516556291391,10,0.3,0.2
44457,1.0,0.21428571428571427,0.044444444444444446,14,0.21428571428571427,0.7142857142857143
96694,0.6,0.1,0.041237113402061855,12,0.16666666666666666,0.9
109524,0.8947368421052632,0.15789473684210525,0.05263157894736842,17,0.17647058823529413,0.7894736842105263
7156,0.6923076923076923,0.15384615384615385,0.03862660944206009,9,0.2222222222222222,0.46153846153846156
100232,0.9333333333333333,0.13333333333333333,0.04912280701754386,14,0.14285714285714285,0.5333333333333333
90396,1.2142857142857142,0.21428571428571427,0.05501618122977346,17,0.17647058823529413,0.42857142857142855
193921,1.0909090909090908,0.09090909090909091,0.05429864253393665,12,0.08333333333333333,0.5454545454545454
45860,0.9166666666666666,0.25,0.05188679245283019,11,0.2727272727272727,0.3333333333333333
267466,0.9387755102040817,0.061224489795918366,0.05203619909502263,46,0.06521739130434782,0.5918367346938775
43444,0.75,0.16666666666666666,0.05172413793103448,9,0.2222222222222222,0.3333333333333333
244623,0.3170731707317073,0.04878048780487805,0.036931818181818184,13,0.15384615384615385,0.4634146341463415
207812,0.9230769230769231,0.15384615384615385,0.04878048780487805,12,0.16666666666666666,0.5384615384615384
19915,0.8571428571428571,0.09523809523809523,0.04488778054862843,18,0.1111111111111111,0.6666666666666666
190599,1.3636363636363635,0.18181818181818182,0.05747126436781609,15,0.13333333333333333,0.45454545454545453
234406,1.2222222222222223,0.3333333333333333,0.05188679245283019,11,0.2727272727272727,0.4444444444444444
73447,0.45,0.15,0.028391167192429023,9,0.3333333333333333,0.7
208416,1.3157894736842106,0.10526315789473684,0.07374631268436578,25,0.08,0.8947368421052632
234641,0.45454545454545453,0.045454545454545456,0.024752475247524754,10,0.1,0.8181818181818182
243981,0.9130434782608695,0.17391304347826086,0.052763819095477386,21,0.19047619047619047,0.7391304347826086
267694,0.6818181818181818,0.13636363636363635,0.04201680672268908,15,0.2,0.36363636363636365
179875,0.7916666666666666,0.125,0.03958333333333333,19,0.15789473684210525,0.8333333333333334
195575,1.1538461538461537,0.23076923076923078,0.057692307692307696,15,0.2,0.5384615384615384
60405,0.7222222222222222,0.16666666666666666,0.04498269896193772,13,0.23076923076923078,0.2777777777777778
27881,0.26666666666666666,0.06666666666666667,0.023952095808383235,4,0.25,0.3333333333333333
224238,0.8461538461538461,0.23076923076923078,0.03819444444444445,11,0.2727272727272727,0.46153846153846156
41692,1.1818181818181819,0.18181818181818182,0.06103286384976526,13,0.15384615384615385,0.45454545454545453
105537,0.7272727272727273,0.18181818181818182,0.03902439024390244,8,0.25,0.6363636363636364
22901,1.3,0.2,0.0625,13,0.15384615384615385,0.7
245322,1.1111111111111112,0.2222222222222222,0.04672897196261682,10,0.2,0.7777777777777778
238597,0.95,0.1,0.05277777777777778,19,0.10526315789473684,0.7
93845,0.5882352941176471,0.17647058823529413,0.03546099290780142,10,0.3,0.7647058823529411
79203,1.3846153846153846,0.15384615384615385,0.06382978723404255,18,0.1111111111111111,0.8461538461538461
49962,0.6086956521739131,0.17391304347826086,0.03804347826086957,14,0.2857142857142857,0.7391304347826086
132028,1.3,0.2,0.06806282722513089,13,0.15384615384615385,0.4
78752,0.13636363636363635,0.09090909090909091,0.01090909090909091,3,0.6666666666666666,0.6363636363636364
79356,0.9333333333333333,0.13333333333333333,0.04294478527607362,14,0.14285714285714285,0.6
208299,0.6923076923076923,0.15384615384615385,0.034220532319391636,9,0.2222222222222222,0.3076923076923077
218757,1.631578947368421,0.15789473684210525,0.05132450331125828,31,0.0967741935483871,0.5789473684210527
327282,0.7857142857142857,0.21428571428571427,0.04150943396226415,11,0.2727272727272727,0.35714285714285715
267092,1.1176470588235294,0.11764705882352941,0.03822937625754527,19,0.10526315789473684,0.6470588235294118
71736,0.6153846153846154,0.15384615384615385,0.0365296803652968,8,0.25,0.8461538461538461
237009,0.26666666666666666,0.2,0.021739130434782608,4,0.75,0.6
31197,0.42857142857142855,0.2857142857142857,0.021897810218978103,3,0.6666666666666666,0.7142857142857143
215343,1.105263157894737,0.10526315789473684,0.05570291777188329,21,0.09523809523809523,0.5789473684210527
252919,0.9,0.1,0.046753246753246755,18,0.1111111111111111,0.7
244261,1.0357142857142858,0.10714285714285714,0.05719921104536489,29,0.10344827586206896,0.5714285714285714
131650,0.46153846153846156,0.15384615384615385,0.025423728813559324,6,0.3333333333333333,0.8461538461538461
125676,1.0769230769230769,0.23076923076923078,0.051470588235294115,14,0.21428571428571427,0.5384615384615384
131936,1.4,0.4,0.06167400881057269,14,0.2857142857142857,0.5
48300,1.0,0.15384615384615385,0.05652173913043478,13,0.15384615384615385,0.5384615384615384
114419,0.5833333333333334,0.25,0.0330188679245283,7,0.42857142857142855,0.4166666666666667
275620,0.7777777777777778,0.07407407407407407,0.041916167664670656,21,0.09523809523809523,0.48148148148148145
275267,0.8421052631578947,0.21052631578947367,0.04938271604938271,16,0.25,0.6842105263157895
223885,1.7857142857142858,0.21428571428571427,0.06142506142506143,25,0.12,0.2857142857142857
244817,0.6666666666666666,0.16666666666666666,0.03018867924528302,8,0.25,0.4166666666666667
136196,0.4117647058823529,0.11764705882352941,0.024054982817869417,7,0.2857142857142857,0.47058823529411764
245582,0.8,0.15,0.049689440993788817,16,0.1875,0.75
271594,0.3181818181818182,0.045454545454545456,0.025830258302583026,14,0.14285714285714285,0.8636363636363636
98505,0.6086956521739131,0.08695652173913043,0.043076923076923075,14,0.14285714285714285,0.30434782608695654
270956,0.8,0.15,0.05755395683453238,16,0.1875,0.5
264446,0.6792452830188679,0.07547169811320754,0.03098106712564544,36,0.1111111111111111,0.5283018867924528
266861,0.7142857142857143,0.10714285714285714,0.034722222222222224,20,0.15,0.5
178941,0.6428571428571429,0.07142857142857142,0.039301310043668124,9,0.1111111111111111,0.7142857142857143
89747,1.6666666666666667,0.25,0.038834951456310676,20,0.15,0.4166666666666667
341763,1.4545454545454546,0.2727272727272727,0.04155844155844156,16,0.1875,0.7272727272727273
8404,0.75,0.125,0.046875,12,0.16666666666666666,0.875
33089,1.0833333333333333,0.25,0.04887218045112782,13,0.23076923076923078,0.4166666666666667
74268,0.6666666666666666,0.2,0.04424778761061947,10,0.3,0.6666666666666666
220809,1.25,0.25,0.05357142857142857,15,0.2,0.4166666666666667
134252,0.6363636363636364,0.18181818181818182,0.029045643153526972,7,0.2857142857142857,0.45454545454545453
128949,0.8181818181818182,0.18181818181818182,0.028846153846153848,9,0.2222222222222222,0.45454545454545453
130149,1.7777777777777777,0.3333333333333333,0.05904059040590406,16,0.1875,0.5555555555555556
112029,0.5833333333333334,0.08333333333333333,0.04,14,0.14285714285714285,0.5
98442,0.6153846153846154,0.23076923076923078,0.035555555555555556,8,0.375,0.3076923076923077
262165,1.103448275862069,0.10344827586206896,0.05306799336650083,32,0.09375,0.6551724137931034
22344,0.9,0.1,0.04918032786885246,9,0.1111111111111111,0.5
190726,0.6551724137931034,0.10344827586206896,0.04738154613466334,19,0.15789473684210525,0.7241379310344828
24508,2.0,0.42857142857142855,0.07526881720430108,14,0.21428571428571427,0.7142857142857143
116202,0.7333333333333333,0.13333333333333333,0.04602510460251046,11,0.18181818181818182,0.8666666666666667
253709,0.7368421052631579,0.10526315789473684,0.05185185185185185,14,0.14285714285714285,0.42105263157894735
101513,0.8888888888888888,0.1111111111111111,0.0469208211143695,16,0.125,0.4444444444444444
226640,0.8333333333333334,0.08333333333333333,0.04424778761061947,10,0.1,0.5
244836,0.9230769230769231,0.15384615384615385,0.042704626334519574,12,0.16666666666666666,0.3076923076923077
91574,0.42857142857142855,0.07142857142857142,0.02643171806167401,6,0.16666666666666666,0.2857142857142857
81707,0.2857142857142857,0.14285714285714285,0.009950248756218905,4,0.5,0.42857142857142855
24351,0.8,0.13333333333333333,0.049586776859504134,12,0.16666666666666666,0.4666666666666667
302220,0.65,0.1,0.03581267217630854,13,0.15384615384615385,0.4
92521,0.5833333333333334,0.25,0.04430379746835443,7,0.42857142857142855,0.4166666666666667
116221,0.2,0.1,0.01556420233463035,4,0.5,0.9
86494,1.1,0.2,0.05555555555555555,11,0.18181818181818182,0.6
220832,0.6470588235294118,0.11764705882352941,0.04263565891472868,11,0.18181818181818182,0.5294117647058824
280584,0.35714285714285715,0.14285714285714285,0.019157088122605363,5,0.4,0.8571428571428571
254298,0.5909090909090909,0.13636363636363635,0.03513513513513514,13,0.23076923076923078,0.6363636363636364
101635,1.1818181818181819,0.18181818181818182,0.04797047970479705,13,0.15384615384615385,0.2727272727272727
192827,0.9,0.15,0.04215456674473068,18,0.16666666666666666,0.8
11650,0.8214285714285714,0.10714285714285714,0.0471311475409836,23,0.13043478260869565,0.6428571428571429
206148,0.46153846153846156,0.07692307692307693,0.02727272727272727,6,0.16666666666666666,0.46153846153846156
53766,1.3333333333333333,0.25,0.034782608695652174,16,0.1875,0.6666666666666666
193514,0.21428571428571427,0.21428571428571427,0.013636363636363636,3,1.0,0.5
63956,0.3684210526315789,0.05263157894736842,0.03056768558951965,7,0.14285714285714285,0.8947368421052632
238023,0.45,0.075,0.029556650246305417,18,0.16666666666666666,0.55
45184,1.125,0.25,0.037815126050420166,9,0.2222222222222222,0.625
81406,0.7,0.3,0.034482758620689655,7,0.42857142857142855,0.5
118639,1.2666666666666666,0.2,0.06333333333333334,19,0.15789473684210525,0.4
10397,2.5,0.125,0.05730659025787966,20,0.05,0.75
70280,0.8,0.13333333333333333,0.034782608695652174,12,0.16666666666666666,0.6
172044,1.75,0.25,0.055776892430278883,14,0.14285714285714285,0.625
274917,1.4,0.2,0.059574468085106386,14,0.14285714285714285,0.7
266396,0.42990654205607476,0.037383177570093455,0.03585346843335931,46,0.08695652173913043,0.8691588785046729
180923,0.5882352941176471,0.11764705882352941,0.03496503496503497,10,0.2,0.8823529411764706
73360,3.5,0.75,0.06896551724137931,14,0.21428571428571427,0.5
273510,0.34615384615384615,0.15384615384615385,0.026239067055393587,9,0.4444444444444444,0.46153846153846156
111881,0.4,0.05,0.027303754266211604,8,0.125,0.6
112631,0.75,0.25,0.03461538461538462,9,0.3333333333333333,0.6666666666666666
63841,1.75,0.25,0.05263157894736842,14,0.14285714285714285,0.125
245926,0.6470588235294118,0.11764705882352941,0.029177718832891247,11,0.18181818181818182,0.5882352941176471
120342,0.5833333333333334,0.25,0.03571428571428571,7,0.42857142857142855,0.4166666666666667
227416,0.6666666666666666,0.13333333333333333,0.033444816053511704,10,0.2,0.8
22305,0.7,0.3,0.03535353535353535,7,0.42857142857142855,0.5
110565,0.8181818181818182,0.18181818181818182,0.032490974729241874,9,0.2222222222222222,0.45454545454545453
188343,0.7222222222222222,0.16666666666666666,0.04220779220779221,13,0.23076923076923078,0.5555555555555556
262341,0.23076923076923078,0.15384615384615385,0.012711864406779662,3,0.6666666666666666,0.6153846153846154
25522,0.75,0.125,0.04081632653061224,6,0.16666666666666666,0.75
132476,0.7272727272727273,0.13636363636363635,0.04419889502762431,16,0.1875,0.5454545454545454
209869,0.42105263157894735,0.10526315789473684,0.024390243902439025,8,0.25,0.5263157894736842
125895,0.6666666666666666,0.25,0.046511627906976744,8,0.375,0.16666666666666666
201582,0.26666666666666666,0.13333333333333333,0.015503875968992248,4,0.5,0.5333333333333333
33170,0.5555555555555556,0.2222222222222222,0.021551724137931036,5,0.4,0.3333333333333333
280794,0.5121951219512195,0.07317073170731707,0.03925233644859813,21,0.14285714285714285,0.9024390243902439
244829,0.8461538461538461,0.15384615384615385,0.04330708661417323,11,0.18181818181818182,0.5384615384615384
238042,0.7058823529411765,0.08823529411764706,0.03980099502487562,24,0.125,0.5294117647058824
127908,1.2222222222222223,0.3333333333333333,0.06790123456790123,11,0.2727272727272727,0.3333333333333333
75938,0.9166666666666666,0.25,0.039568345323741004,11,0.2727272727272727,0.8333333333333334
69234,1.375,0.25,0.05092592592592592,11,0.18181818181818182,0.25
61557,0.6875,0.1875,0.03859649122807018,11,0.2727272727272727,0.5
52839,1.0,0.0625,0.052805280528052806,16,0.0625,0.625
342407,0.8571428571428571,0.14285714285714285,0.03508771929824561,12,0.16666666666666666,0.7857142857142857
219460,0.6190476190476191,0.14285714285714285,0.032418952618453865,13,0.23076923076923078,0.6190476190476191
136215,0.9411764705882353,0.11764705882352941,0.053156146179401995,16,0.125,0.4117647058823529
58097,0.7777777777777778,0.1111111111111111,0.05555555555555555,14,0.14285714285714285,0.7777777777777778
259857,1.0,0.3333333333333333,0.0379746835443038,9,0.3333333333333333,0.2222222222222222
223883,1.2307692307692308,0.15384615384615385,0.05970149253731343,16,0.125,0.23076923076923078
53609,0.7,0.1,0.04011461318051576,14,0.14285714285714285,0.5
219620,0.55,0.1,0.034161490683229816,11,0.18181818181818182,0.5
122842,1.1333333333333333,0.06666666666666667,0.06273062730627306,17,0.058823529411764705,0.6
224869,0.3888888888888889,0.1111111111111111,0.025830258302583026,7,0.2857142857142857,0.3333333333333333
58795,0.7692307692307693,0.15384615384615385,0.0423728813559322,10,0.2,0.5384615384615384
43371,0.6923076923076923,0.23076923076923078,0.04838709677419355,9,0.3333333333333333,0.46153846153846156
29920,0.9333333333333333,0.13333333333333333,0.06334841628959276,14,0.14285714285714285,0.4666666666666667
254427,5.666666666666667,0.6666666666666666,0.050445103857566766,17,0.11764705882352941,0.3333333333333333
107551,1.1176470588235294,0.17647058823529413,0.040948275862068964,19,0.15789473684210525,0.6470588235294118
238683,1.7142857142857142,0.2857142857142857,0.061224489795918366,12,0.16666666666666666,0.5714285714285714
128752,0.631578947368421,0.10526315789473684,0.043478260869565216,12,0.16666666666666666,0.8421052631578947
192978,0.6842105263157895,0.10526315789473684,0.03581267217630854,13,0.15384615384615385,0.631578947368421
110983,0.5,0.21428571428571427,0.035175879396984924,7,0.42857142857142855,0.5
101851,0.9565217391304348,0.21739130434782608,0.04700854700854701,22,0.22727272727272727,0.5217391304347826
306700,1.2222222222222223,0.4444444444444444,0.049773755656108594,11,0.36363636363636365,0.5555555555555556
88245,1.7,0.2,0.07456140350877193,17,0.11764705882352941,0.6
17874,1.5,0.5,0.054878048780487805,9,0.3333333333333333,0.5
83119,2.3333333333333335,0.3333333333333333,0.07106598984771574,14,0.14285714285714285,0.3333333333333333
46615,0.4166666666666667,0.16666666666666666,0.02702702702702703,5,0.4,0.3333333333333333
69824,0.9090909090909091,0.2727272727272727,0.05813953488372093,10,0.3,0.6363636363636364
81563,0.7857142857142857,0.07142857142857142,0.048034934497816595,11,0.09090909090909091,0.7142857142857143
57618,0.631578947368421,0.10526315789473684,0.0392156862745098,12,0.16666666666666666,0.6842105263157895
367576,1.0526315789473684,0.10526315789473684,0.0477326968973747,20,0.1,0.3684210526315789
135658,2.090909090909091,0.18181818181818182,0.08812260536398467,23,0.08695652173913043,0.8181818181818182
236306,0.25,0.16666666666666666,0.015957446808510637,3,0.6666666666666666,0.25
30171,0.7333333333333333,0.1,0.041044776119402986,22,0.13636363636363635,0.6
273250,0.7,0.1,0.0455531453362256,21,0.14285714285714285,0.8666666666666667
69307,0.7142857142857143,0.07142857142857142,0.037037037037037035,10,0.1,0.8571428571428571
92496,0.375,0.125,0.021739130434782608,3,0.3333333333333333,0.25
23289,0.7647058823529411,0.17647058823529413,0.03412073490813648,13,0.23076923076923078,0.6470588235294118
35934,0.9583333333333334,0.125,0.04722792607802875,23,0.13043478260869565,0.5
229296,0.4782608695652174,0.08695652173913043,0.03235294117647059,11,0.18181818181818182,0.5652173913043478
227556,0.3684210526315789,0.10526315789473684,0.02564102564102564,7,0.2857142857142857,0.3684210526315789
60308,1.0,0.09090909090909091,0.054187192118226604,11,0.09090909090909091,0.36363636363636365
280951,1.2857142857142858,0.14285714285714285,0.056842105263157895,27,0.1111111111111111,0.42857142857142855
230252,0.29411764705882354,0.11764705882352941,0.02100840336134454,5,0.4,0.5294117647058824
128258,0.6470588235294118,0.11764705882352941,0.049773755656108594,11,0.18181818181818182,0.058823529411764705
29044,1.0526315789473684,0.10526315789473684,0.046948356807511735,20,0.1,0.5789473684210527
100178,0.6666666666666666,0.14285714285714285,0.051470588235294115,14,0.21428571428571427,0.6190476190476191
224325,0.5294117647058824,0.11764705882352941,0.03829787234042553,9,0.2222222222222222,0.6470588235294118
61277,1.1111111111111112,0.3333333333333333,0.05405405405405406,10,0.3,0.3333333333333333
268836,0.6046511627906976,0.09302325581395349,0.0425531914893617,26,0.15384615384615385,0.7441860465116279
46495,0.5833333333333334,0.16666666666666666,0.037037037037037035,7,0.2857142857142857,0.5
18938,1.8,0.3,0.03441682600382409,18,0.16666666666666666,0.8
48019,0.9090909090909091,0.2727272727272727,0.04132231404958678,10,0.3,0.36363636363636365
78577,0.4375,0.1875,0.028925619834710745,7,0.42857142857142855,0.4375
178163,0.35,0.1,0.020771513353115726,7,0.2857142857142857,0.35
88797,0.5625,0.1875,0.03829787234042553,9,0.3333333333333333,0.5
222605,1.9090909090909092,0.2727272727272727,0.05817174515235457,21,0.14285714285714285,0.2727272727272727
126872,0.29411764705882354,0.11764705882352941,0.021739130434782608,5,0.4,0.7058823529411765
294178,0.5454545454545454,0.09090909090909091,0.03870967741935484,12,0.16666666666666666,0.8181818181818182
370050,0.5294117647058824,0.11764705882352941,0.04035874439461883,9,0.2222222222222222,0.29411764705882354
224370,0.4,0.08,0.03424657534246575,10,0.2,0.48
80627,0.5625,0.125,0.0375,9,0.2222222222222222,0.5625
87163,0.9,0.15,0.03536345776031434,18,0.16666666666666666,0.6
270439,0.7272727272727273,0.18181818181818182,0.0449438202247191,8,0.25,0.45454545454545453
198112,0.8666666666666667,0.2,0.042483660130718956,13,0.23076923076923078,0.4666666666666667
45175,0.8333333333333334,0.16666666666666666,0.04201680672268908,10,0.2,0.4166666666666667
37462,1.0,0.2727272727272727,0.05527638190954774,11,0.2727272727272727,0.45454545454545453
91844,0.625,0.1875,0.038461538461538464,10,0.3,0.5
59673,0.9375,0.1875,0.04297994269340974,15,0.2,0.5625
258802,0.6666666666666666,0.13333333333333333,0.04878048780487805,10,0.2,0.7333333333333333
218708,0.9130434782608695,0.043478260869565216,0.06069364161849711,21,0.047619047619047616,0.7391304347826086
93116,0.6363636363636364,0.2727272727272727,0.044585987261146494,7,0.42857142857142855,0.5454545454545454
19850,1.25,0.25,0.05791505791505792,15,0.2,0.8333333333333334
121427,0.2,0.13333333333333333,0.011904761904761904,3,0.6666666666666666,0.7333333333333333
10223,1.1666666666666667,0.25,0.04430379746835443,14,0.21428571428571427,0.8333333333333334
48219,0.7857142857142857,0.07142857142857142,0.05759162303664921,11,0.09090909090909091,0.5714285714285714
109909,0.5555555555555556,0.1111111111111111,0.04926108374384237,10,0.2,0.3888888888888889
126542,0.45,0.15,0.033210332103321034,9,0.3333333333333333,0.55
96595,0.75,0.25,0.04245283018867924,9,0.3333333333333333,0.3333333333333333
137920,1.3333333333333333,0.2222222222222222,0.06382978723404255,12,0.16666666666666666,0.2222222222222222
188815,1.3636363636363635,0.2727272727272727,0.06302521008403361,15,0.2,0.2727272727272727
21137,1.0769230769230769,0.15384615384615385,0.06481481481481481,14,0.14285714285714285,0.6923076923076923
266938,0.5087719298245614,0.05263157894736842,0.03046218487394958,29,0.10344827586206896,0.8070175438596491
248024,0.6,0.13333333333333333,0.04433497536945813,9,0.2222222222222222,0.5333333333333333
52160,0.7142857142857143,0.42857142857142855,0.024271844660194174,5,0.6,0.42857142857142855
242166,1.2857142857142858,0.21428571428571427,0.05421686746987952,18,0.16666666666666666,0.5714285714285714
191941,1.9090909090909092,0.2727272727272727,0.06017191977077364,21,0.14285714285714285,0.36363636363636365
34640,1.4,0.15,0.05026929982046679,28,0.10714285714285714,0.6
110543,0.8461538461538461,0.15384615384615385,0.04680851063829787,11,0.18181818181818182,0.5384615384615384
268536,0.625,0.125,0.028901734104046242,10,0.2,0.5625
91166,1.0833333333333333,0.25,0.046263345195729534,13,0.23076923076923078,0.75
213207,0.6363636363636364,0.2727272727272727,0.028455284552845527,7,0.42857142857142855,0.6363636363636364
101733,0.8461538461538461,0.23076923076923078,0.04602510460251046,11,0.2727272727272727,0.23076923076923078
265959,0.75,0.1,0.0351288056206089,15,0.13333333333333333,0.5
24602,1.0,0.2,0.053763440860215055,10,0.2,0.6
79858,1.6,0.2,0.05860805860805861,16,0.125,0.6
42426,1.1666666666666667,0.16666666666666666,0.05166051660516605,14,0.14285714285714285,0.8333333333333334
186631,0.8666666666666667,0.26666666666666666,0.037463976945244955,13,0.3076923076923077,0.7333333333333333
256976,0.35294117647058826,0.17647058823529413,0.022304832713754646,6,0.5,0.7647058823529411
130456,0.35714285714285715,0.07142857142857142,0.027472527472527472,5,0.2,0.42857142857142855
236108,1.368421052631579,0.15789473684210525,0.04521739130434783,26,0.11538461538461539,0.42105263157894735
110690,0.9333333333333333,0.2,0.05263157894736842,14,0.21428571428571427,0.4666666666666667
243646,1.0666666666666667,0.2,0.0443213296398892,16,0.1875,0.4
284673,0.4090909090909091,0.09090909090909091,0.02694610778443114,9,0.2222222222222222,0.8181818181818182
270628,1.2894736842105263,0.07894736842105263,0.05651672433679354,49,0.061224489795918366,0.5789473684210527
266852,0.6666666666666666,0.1,0.033444816053511704,20,0.15,0.5
279373,0.7647058823529411,0.11764705882352941,0.03485254691689008,13,0.15384615384615385,0.35294117647058826
22880,0.46153846153846156,0.15384615384615385,0.028037383177570093,6,0.3333333333333333,0.38461538461538464
24504,0.7857142857142857,0.14285714285714285,0.04721030042918455,11,0.18181818181818182,0.42857142857142855
79644,1.375,0.25,0.05472636815920398,11,0.18181818181818182,0.5
273314,0.9166666666666666,0.25,0.05188679245283019,11,0.2727272727272727,0.5
172060,1.1111111111111112,0.2222222222222222,0.04291845493562232,10,0.2,0.7777777777777778
210555,0.9166666666666666,0.08333333333333333,0.057291666666666664,11,0.09090909090909091,0.5
186643,0.7333333333333333,0.26666666666666666,0.03754266211604096,11,0.36363636363636365,0.7333333333333333
244180,0.2916666666666667,0.08333333333333333,0.027131782945736434,7,0.2857142857142857,0.5833333333333334
220134,0.45454545454545453,0.09090909090909091,0.023734177215189875,15,0.2,0.36363636363636365
84772,1.4444444444444444,0.2222222222222222,0.06701030927835051,13,0.15384615384615385,0.7777777777777778
257045,0.6875,0.125,0.04564315352697095,11,0.18181818181818182,0.875
243056,0.95,0.1,0.05507246376811594,19,0.10526315789473684,0.7
176266,0.3333333333333333,0.13333333333333333,0.021834061135371178,5,0.4,0.6
60428,0.7857142857142857,0.14285714285714285,0.04435483870967742,11,0.18181818181818182,0.8571428571428571
69870,1.3,0.3,0.06701030927835051,13,0.23076923076923078,0.6
257277,0.8947368421052632,0.15789473684210525,0.036016949152542374,17,0.17647058823529413,0.6842105263157895
234046,0.8181818181818182,0.13636363636363635,0.04326923076923077,18,0.16666666666666666,0.4090909090909091
102213,0.875,0.125,0.038356164383561646,14,0.14285714285714285,0.75
125698,0.6875,0.1875,0.04182509505703422,11,0.2727272727272727,0.375
94481,0.21428571428571427,0.14285714285714285,0.02127659574468085,3,0.6666666666666666,0.42857142857142855
24202,0.42857142857142855,0.14285714285714285,0.0234375,6,0.3333333333333333,0.5714285714285714
206049,1.1428571428571428,0.42857142857142855,0.03980099502487562,8,0.375,0.7142857142857143
219350,1.1875,0.125,0.0407725321888412,19,0.10526315789473684,0.75
34346,0.5652173913043478,0.08695652173913043,0.03044496487119438,13,0.15384615384615385,0.9130434782608695
96058,2.7058823529411766,0.23529411764705882,0.06344827586206897,46,0.08695652173913043,0.29411764705882354
125730,1.0,0.16666666666666666,0.0481283422459893,18,0.16666666666666666,0.8888888888888888
197778,0.9473684210526315,0.15789473684210525,0.058823529411764705,18,0.16666666666666666,0.6842105263157895
25640,1.1818181818181819,0.18181818181818182,0.06341463414634146,13,0.15384615384615385,0.36363636363636365
70299,0.375,0.0625,0.027649769585253458,6,0.16666666666666666,0.375
252097,0.7333333333333333,0.13333333333333333,0.038869257950530034,11,0.18181818181818182,0.7333333333333333
216030,0.4666666666666667,0.13333333333333333,0.029914529914529916,7,0.2857142857142857,0.3333333333333333
286943,0.9285714285714286,0.21428571428571427,0.0429042904290429,13,0.23076923076923078,0.5714285714285714
97095,0.4,0.05,0.029850746268656716,16,0.125,0.8
267799,0.9090909090909091,0.09090909090909091,0.04246284501061571,20,0.1,0.5454545454545454
112604,1.7142857142857142,0.5714285714285714,0.053811659192825115,12,0.3333333333333333,0.42857142857142855
197232,1.1875,0.125,0.0683453237410072,19,0.10526315789473684,0.625
216831,0.47619047619047616,0.09523809523809523,0.0423728813559322,10,0.2,0.38095238095238093
224648,0.6,0.13333333333333333,0.030201342281879196,9,0.2222222222222222,0.4666666666666667
50306,1.7272727272727273,0.2727272727272727,0.07480314960629922,19,0.15789473684210525,0.6363636363636364
96106,0.6923076923076923,0.23076923076923078,0.04477611940298507,9,0.3333333333333333,0.38461538461538464
60983,0.6666666666666666,0.25,0.05194805194805195,8,0.375,0.5833333333333334
137455,0.8421052631578947,0.10526315789473684,0.06349206349206349,16,0.125,0.7368421052631579
15837,0.4375,0.25,0.029787234042553193,7,0.5714285714285714,0.75
37459,0.9,0.2,0.05202312138728324,9,0.2222222222222222,0.3
90986,0.4444444444444444,0.1111111111111111,0.028268551236749116,8,0.25,0.4444444444444444
212532,0.7692307692307693,0.23076923076923078,0.045662100456621,10,0.3,0.38461538461538464
236696,0.15789473684210525,0.10526315789473684,0.015873015873015872,3,0.6666666666666666,0.2631578947368421
125726,4.333333333333333,0.6666666666666666,0.051587301587301584,13,0.15384615384615385,0.3333333333333333
201497,0.75,0.15,0.045871559633027525,15,0.2,0.6
255408,0.5,0.16666666666666666,0.032432432432432434,6,0.3333333333333333,0.4166666666666667
367506,0.631578947368421,0.15789473684210525,0.040268456375838924,12,0.25,0.5789473684210527
193093,0.6428571428571429,0.07142857142857142,0.03557312252964427,9,0.1111111111111111,0.42857142857142855
76104,0.8888888888888888,0.16666666666666666,0.058394160583941604,16,0.1875,0.7222222222222222
118371,0.6111111111111112,0.05555555555555555,0.036065573770491806,11,0.09090909090909091,0.7777777777777778
46618,0.7272727272727273,0.2727272727272727,0.04081632653061224,8,0.375,0.45454545454545453
36164,1.0625,0.125,0.0397196261682243,17,0.11764705882352941,0.3125
104741,1.0,0.25,0.05429864253393665,12,0.25,0.6666666666666666
43428,0.6363636363636364,0.18181818181818182,0.03608247422680412,7,0.2857142857142857,0.6363636363636364
238803,0.4,0.15,0.020618556701030927,8,0.375,0.6
22335,0.7142857142857143,0.21428571428571427,0.03802281368821293,10,0.3,0.5
114016,0.7058823529411765,0.17647058823529413,0.04580152671755725,12,0.25,0.5294117647058824
38387,0.6470588235294118,0.11764705882352941,0.04435483870967742,11,0.18181818181818182,0.5882352941176471
43469,0.5238095238095238,0.14285714285714285,0.031161473087818695,11,0.2727272727272727,0.7142857142857143
106077,0.7058823529411765,0.17647058823529413,0.045454545454545456,12,0.25,0.8823529411764706
75393,0.6923076923076923,0.15384615384615385,0.03333333333333333,9,0.2222222222222222,0.3076923076923077
219775,0.45454545454545453,0.18181818181818182,0.0211864406779661,5,0.4,0.36363636363636365
278474,0.75,0.16666666666666666,0.04035874439461883,9,0.2222222222222222,0.6666666666666666
74870,0.5714285714285714,0.14285714285714285,0.04371584699453552,8,0.25,0.8571428571428571
100446,1.0714285714285714,0.07142857142857142,0.07009345794392523,15,0.06666666666666667,0.5714285714285714
100961,1.75,0.5,0.05907172995780591,14,0.2857142857142857,0.25
45676,1.9090909090909092,0.2727272727272727,0.0995260663507109,21,0.14285714285714285,0.45454545454545453
116461,1.7,0.3,0.0368763557483731,17,0.17647058823529413,0.2
92533,0.46153846153846156,0.15384615384615385,0.04,6,0.3333333333333333,0.38461538461538464
112903,1.5555555555555556,0.2222222222222222,0.06060606060606061,14,0.14285714285714285,0.7777777777777778
83310,2.8,0.6,0.050724637681159424,14,0.21428571428571427,0.2
215259,0.2857142857142857,0.14285714285714285,0.0213903743315508,4,0.5,0.5
200941,0.7222222222222222,0.1111111111111111,0.0377906976744186,13,0.15384615384615385,0.7777777777777778
113369,0.4375,0.125,0.027131782945736434,7,0.2857142857142857,0.625
21285,0.48148148148148145,0.07407407407407407,0.03651685393258427,13,0.15384615384615385,0.8518518518518519
201005,0.8461538461538461,0.23076923076923078,0.049107142857142856,11,0.2727272727272727,0.5384615384615384
188122,0.42105263157894735,0.10526315789473684,0.028268551236749116,8,0.25,0.42105263157894735
224292,0.3888888888888889,0.1111111111111111,0.03225806451612903,7,0.2857142857142857,0.7777777777777778
19573,0.3076923076923077,0.15384615384615385,0.02185792349726776,4,0.5,0.46153846153846156
213375,0.7857142857142857,0.07142857142857142,0.03481012658227848,11,0.09090909090909091,0.42857142857142855
207118,0.47058823529411764,0.17647058823529413,0.031746031746031744,8,0.375,0.5294117647058824
255205,0.8666666666666667,0.06666666666666667,0.044444444444444446,26,0.07692307692307693,0.5333333333333333
50444,0.45,0.1,0.033707865168539325,9,0.2222222222222222,0.6
28006,0.4642857142857143,0.10714285714285714,0.02574257425742574,13,0.23076923076923078,0.7857142857142857
103311,0.9375,0.1875,0.046012269938650305,15,0.2,0.4375
239235,0.6666666666666666,0.1111111111111111,0.05263157894736842,12,0.16666666666666666,0.3888888888888889
57294,1.1666666666666667,0.25,0.06542056074766354,14,0.21428571428571427,0.5
206376,0.4166666666666667,0.25,0.02577319587628866,5,0.6,0.5
274073,1.3636363636363635,0.2727272727272727,0.03640776699029126,15,0.2,0.45454545454545453
52067,0.8181818181818182,0.09090909090909091,0.04455445544554455,18,0.1111111111111111,0.5454545454545454
229090,0.68,0.16,0.03313840155945419,17,0.23529411764705882,0.44
140315,1.375,0.1875,0.09777777777777778,22,0.13636363636363635,0.875
21727,1.0,0.21428571428571427,0.07291666666666667,14,0.21428571428571427,0.6428571428571429
247382,0.375,0.08333333333333333,0.02406417112299465,9,0.2222222222222222,0.5
251826,1.25,0.25,0.05434782608695652,15,0.2,0.5
190743,0.9047619047619048,0.09523809523809523,0.04810126582278481,19,0.10526315789473684,0.9047619047619048
271598,0.5263157894736842,0.07894736842105263,0.0333889816360601,20,0.15,0.9473684210526315
40260,1.2333333333333334,0.1,0.04243119266055046,37,0.08108108108108109,0.6
234587,0.24,0.04,0.015665796344647518,6,0.16666666666666666,0.76
46592,0.8,0.2,0.042328042328042326,8,0.25,0.5
172075,1.3333333333333333,0.2222222222222222,0.05172413793103448,12,0.16666666666666666,0.8888888888888888
51224,1.0,0.3333333333333333,0.04819277108433735,12,0.3333333333333333,0.8333333333333334
298459,0.4117647058823529,0.11764705882352941,0.029166666666666667,7,0.2857142857142857,0.4117647058823529
245243,1.8571428571428572,0.2857142857142857,0.03485254691689008,13,0.15384615384615385,0.42857142857142855
60037,0.8421052631578947,0.10526315789473684,0.042105263157894736,16,0.125,0.6842105263157895
213327,0.46153846153846156,0.15384615384615385,0.027906976744186046,6,0.3333333333333333,0.46153846153846156
342197,0.5,0.0625,0.03225806451612903,8,0.125,0.3125
231025,0.5238095238095238,0.19047619047619047,0.039285714285714285,11,0.36363636363636365,0.6190476190476191
46503,0.8,0.2,0.03225806451612903,8,0.25,0.3
97992,0.3076923076923077,0.07692307692307693,0.024096385542168676,4,0.25,0.46153846153846156
184784,0.8888888888888888,0.2222222222222222,0.038461538461538464,8,0.25,0.4444444444444444
59712,0.5714285714285714,0.09523809523809523,0.042704626334519574,12,0.16666666666666666,0.3333333333333333
128763,0.5333333333333333,0.13333333333333333,0.03463203463203463,8,0.25,0.6
167521,0.5238095238095238,0.14285714285714285,0.03741496598639456,11,0.2727272727272727,0.9047619047619048
57295,0.9230769230769231,0.15384615384615385,0.06349206349206349,12,0.16666666666666666,0.7692307692307693
66505,0.8888888888888888,0.16666666666666666,0.05405405405405406,16,0.1875,0.5555555555555556
98649,0.6875,0.1875,0.05116279069767442,11,0.2727272727272727,0.375
223338,0.4666666666666667,0.2,0.04216867469879518,7,0.42857142857142855,0.8666666666666667
243338,0.8275862068965517,0.10344827586206896,0.04262877442273535,24,0.125,0.8275862068965517
119397,0.7857142857142857,0.21428571428571427,0.03678929765886288,11,0.2727272727272727,0.6428571428571429
258672,0.6923076923076923,0.15384615384615385,0.036,9,0.2222222222222222,0.6923076923076923
238624,0.3333333333333333,0.05555555555555555,0.022222222222222223,6,0.16666666666666666,0.8888888888888888
237363,0.29411764705882354,0.11764705882352941,0.014619883040935672,5,0.4,0.7058823529411765
251251,0.8125,0.1875,0.04126984126984127,13,0.23076923076923078,0.4375
90667,0.6451612903225806,0.06451612903225806,0.06269592476489028,20,0.1,0.6774193548387096
238039,0.6666666666666666,0.2,0.031545741324921134,10,0.3,0.6
232464,1.0714285714285714,0.14285714285714285,0.05454545454545454,15,0.13333333333333333,0.42857142857142855
97076,1.6153846153846154,0.23076923076923078,0.0481651376146789,21,0.14285714285714285,0.5384615384615384
263889,0.8,0.1,0.04289544235924933,16,0.125,0.6
277991,1.4,0.3,0.04294478527607362,14,0.21428571428571427,0.6
74447,0.45454545454545453,0.2727272727272727,0.02040816326530612,5,0.6,0.2727272727272727
127470,0.25,0.125,0.017467248908296942,4,0.5,0.5625
105507,0.8461538461538461,0.3076923076923077,0.03571428571428571,11,0.36363636363636365,0.7692307692307693
80566,0.8181818181818182,0.2727272727272727,0.04,9,0.3333333333333333,0.6363636363636364
273207,0.8461538461538461,0.23076923076923078,0.054455445544554455,11,0.2727272727272727,0.6923076923076923
76819,0.7272727272727273,0.2727272727272727,0.043243243243243246,8,0.375,0.6363636363636364
136416,1.1666666666666667,0.1111111111111111,0.05965909090909091,21,0.09523809523809523,0.3888888888888889
225768,0.42105263157894735,0.15789473684210525,0.023054755043227664,8,0.375,0.47368421052631576
27886,0.42857142857142855,0.07142857142857142,0.03571428571428571,6,0.16666666666666666,0.5714285714285714
72385,0.37037037037037035,0.07407407407407407,0.032467532467532464,10,0.2,0.7777777777777778
224271,0.6470588235294118,0.058823529411764705,0.030470914127423823,11,0.09090909090909091,0.5882352941176471
196364,0.5294117647058824,0.17647058823529413,0.02616279069767442,9,0.3333333333333333,0.7647058823529411
101747,0.7857142857142857,0.21428571428571427,0.04700854700854701,11,0.2727272727272727,0.35714285714285715
133888,1.2307692307692308,0.15384615384615385,0.06324110671936758,16,0.125,0.6923076923076923
172048,1.0,0.15384615384615385,0.06132075471698113,13,0.15384615384615385,0.7692307692307693
294226,0.9411764705882353,0.23529411764705882,0.05161290322580645,16,0.25,0.6470588235294118
221104,0.9375,0.125,0.061224489795918366,15,0.13333333333333333,0.5
91276,0.25,0.125,0.017937219730941704,4,0.5,0.625
100367,0.625,0.1875,0.043478260869565216,10,0.3,0.875
252998,0.5454545454545454,0.2727272727272727,0.03015075376884422,6,0.5,0.45454545454545453
233389,0.7777777777777778,0.1111111111111111,0.036458333333333336,7,0.14285714285714285,0.5555555555555556
92331,0.32142857142857145,0.07142857142857142,0.026865671641791045,9,0.2222222222222222,0.8571428571428571
56276,0.2631578947368421,0.10526315789473684,0.014749262536873156,5,0.4,0.7894736842105263
176541,0.8666666666666667,0.13333333333333333,0.06046511627906977,13,0.15384615384615385,0.7333333333333333
201980,0.7142857142857143,0.42857142857142855,0.024752475247524754,5,0.6,0.5714285714285714
22649,0.7333333333333333,0.2,0.03767123287671233,11,0.2727272727272727,0.7333333333333333
60351,1.0,0.23076923076923078,0.06280193236714976,13,0.23076923076923078,0.3076923076923077
60328,0.8666666666666667,0.13333333333333333,0.05726872246696035,13,0.15384615384615385,0.4666666666666667
98636,0.8,0.2,0.04597701149425287,8,0.25,0.3
22821,0.18181818181818182,0.09090909090909091,0.0149812734082397,4,0.5,0.5454545454545454
127622,0.5,0.125,0.022988505747126436,4,0.25,0.5
84670,0.8571428571428571,0.14285714285714285,0.05172413793103448,12,0.16666666666666666,0.6428571428571429
26110,0.3333333333333333,0.1111111111111111,0.030303030303030304,6,0.3333333333333333,0.4444444444444444
106941,0.4,0.13333333333333333,0.029850746268656716,6,0.3333333333333333,0.6666666666666666
15138,0.75,0.08333333333333333,0.05202312138728324,9,0.1111111111111111,0.4166666666666667
229903,0.3333333333333333,0.1111111111111111,0.016216216216216217,3,0.3333333333333333,0.2222222222222222
251417,1.2,0.2,0.059113300492610835,12,0.16666666666666666,0.4
233356,0.5,0.125,0.0321285140562249,8,0.25,0.25
267278,0.5483870967741935,0.0967741935483871,0.033073929961089495,17,0.17647058823529413,0.8064516129032258
270254,0.2857142857142857,0.07142857142857142,0.020050125313283207,8,0.25,0.6428571428571429
102168,2.4285714285714284,0.42857142857142855,0.05704697986577181,17,0.17647058823529413,0.7142857142857143
231453,0.5714285714285714,0.21428571428571427,0.037383177570093455,8,0.375,0.8571428571428571
257771,0.6111111111111112,0.16666666666666666,0.03459119496855346,11,0.2727272727272727,0.3333333333333333
33272,0.8333333333333334,0.16666666666666666,0.045662100456621,10,0.2,0.3333333333333333
126505,0.45,0.1,0.029508196721311476,9,0.2222222222222222,0.55
122602,0.5238095238095238,0.09523809523809523,0.03333333333333333,11,0.18181818181818182,0.2857142857142857
24157,1.3636363636363635,0.09090909090909091,0.06607929515418502,15,0.06666666666666667,0.6363636363636364
41026,0.5882352941176471,0.11764705882352941,0.043478260869565216,10,0.2,0.7647058823529411
206179,0.5,0.1111111111111111,0.03202846975088968,9,0.2222222222222222,0.5
159031,0.7333333333333333,0.2,0.034482758620689655,11,0.2727272727272727,0.6
194625,0.47619047619047616,0.14285714285714285,0.03067484662576687,10,0.3,0.2857142857142857
60402,0.5625,0.125,0.04591836734693878,9,0.2222222222222222,0.3125
105906,0.4444444444444444,0.16666666666666666,0.026578073089700997,8,0.375,0.2777777777777778
93839,0.7333333333333333,0.13333333333333333,0.04417670682730924,11,0.18181818181818182,0.8666666666666667
130448,0.4166666666666667,0.16666666666666666,0.022727272727272728,5,0.4,0.25
248837,0.9375,0.1875,0.05338078291814947,15,0.2,0.625
129733,1.1428571428571428,0.21428571428571427,0.05228758169934641,16,0.1875,0.2857142857142857
34989,0.75,0.1,0.031512605042016806,15,0.13333333333333333,0.7
121358,0.88,0.12,0.054455445544554455,22,0.13636363636363635,0.68
229637,0.8,0.2,0.034934497816593885,8,0.25,0.3
246789,0.8,0.13333333333333333,0.039735099337748346,12,0.16666666666666666,0.3333333333333333
28191,1.5,0.2,0.05434782608695652,15,0.13333333333333333,0.2
268127,0.8823529411764706,0.17647058823529413,0.04285714285714286,15,0.2,0.6470588235294118
33312,0.3333333333333333,0.14285714285714285,0.02,7,0.42857142857142855,0.5238095238095238
224498,0.5925925925925926,0.07407407407407407,0.042666666666666665,16,0.125,0.7037037037037037
221153,0.4166666666666667,0.08333333333333333,0.039525691699604744,10,0.2,0.4583333333333333
272375,0.45454545454545453,0.09090909090909091,0.03278688524590164,10,0.2,0.45454545454545453
250430,0.25,0.125,0.02127659574468085,4,0.5,0.375
46663,1.0666666666666667,0.2,0.06808510638297872,16,0.1875,0.6666666666666666
248400,0.75,0.125,0.036923076923076927,12,0.16666666666666666,0.75
110766,0.8333333333333334,0.16666666666666666,0.04424778761061947,10,0.2,0.5833333333333334
204792,0.5909090909090909,0.13636363636363635,0.031630170316301706,13,0.23076923076923078,0.3181818181818182
89184,2.125,0.25,0.08173076923076923,17,0.11764705882352941,0.5
46604,0.36363636363636365,0.18181818181818182,0.02185792349726776,4,0.5,0.36363636363636365
133201,0.5294117647058824,0.11764705882352941,0.033962264150943396,9,0.2222222222222222,0.47058823529411764
83859,0.4186046511627907,0.06976744186046512,0.033962264150943396,18,0.16666666666666666,0.8837209302325582
298774,1.2380952380952381,0.14285714285714285,0.06467661691542288,26,0.11538461538461539,0.5238095238095238
112674,0.9,0.3,0.0410958904109589,9,0.3333333333333333,0.5
224772,0.47058823529411764,0.17647058823529413,0.022988505747126436,8,0.375,0.6470588235294118
233939,0.15789473684210525,0.10526315789473684,0.011583011583011582,3,0.6666666666666666,0.3684210526315789
246798,0.625,0.25,0.03787878787878788,10,0.4,0.5
49073,0.5652173913043478,0.13043478260869565,0.040372670807453416,13,0.23076923076923078,0.7391304347826086
57598,0.2903225806451613,0.06451612903225806,0.025,9,0.2222222222222222,0.6774193548387096
53233,1.0476190476190477,0.19047619047619047,0.05641025641025641,22,0.18181818181818182,0.3333333333333333
158855,0.2857142857142857,0.14285714285714285,0.019230769230769232,4,0.5,0.7142857142857143
73449,1.1764705882352942,0.11764705882352941,0.06172839506172839,20,0.1,0.8823529411764706
28182,0.9333333333333333,0.2,0.056,14,0.21428571428571427,0.6
270665,1.0555555555555556,0.08333333333333333,0.05019815059445178,38,0.07894736842105263,0.6388888888888888
57231,0.2222222222222222,0.1111111111111111,0.014084507042253521,2,0.5,0.5555555555555556
81371,0.4666666666666667,0.13333333333333333,0.02834008097165992,7,0.2857142857142857,0.4
288766,0.8461538461538461,0.11538461538461539,0.044444444444444446,22,0.13636363636363635,0.38461538461538464
95205,1.4285714285714286,0.2857142857142857,0.06535947712418301,10,0.2,0.7142857142857143
84924,1.2,0.2,0.05863192182410423,18,0.16666666666666666,0.7333333333333333
52068,0.75,0.07142857142857142,0.04449152542372881,21,0.09523809523809523,0.7857142857142857
59302,0.4090909090909091,0.13636363636363635,0.030405405405405407,9,0.3333333333333333,0.6363636363636364
121759,0.9333333333333333,0.26666666666666666,0.03773584905660377,14,0.2857142857142857,0.5333333333333333
12812,1.0,0.1111111111111111,0.05027932960893855,9,0.1111111111111111,0.4444444444444444
208592,0.7692307692307693,0.23076923076923078,0.03367003367003367,10,0.3,0.07692307692307693
102424,1.5833333333333333,0.25,0.06312292358803986,19,0.15789473684210525,0.75
82666,1.3333333333333333,0.2,0.041237113402061855,20,0.15,0.8
270449,0.21428571428571427,0.14285714285714285,0.01694915254237288,3,0.6666666666666666,0.7142857142857143
125708,6.0,0.6666666666666666,0.0759493670886076,18,0.1111111111111111,0.3333333333333333
127539,0.5,0.16666666666666666,0.02631578947368421,6,0.3333333333333333,0.5833333333333334
91252,0.7692307692307693,0.23076923076923078,0.038910505836575876,10,0.3,0.6153846153846154
206051,0.5263157894736842,0.15789473684210525,0.042735042735042736,10,0.3,0.8947368421052632
251646,0.875,0.1875,0.045454545454545456,14,0.21428571428571427,0.375
228925,0.2631578947368421,0.10526315789473684,0.018050541516245487,5,0.4,0.5263157894736842
50307,1.0,0.15384615384615385,0.05485232067510549,13,0.15384615384615385,0.6923076923076923
62438,0.5263157894736842,0.10526315789473684,0.034013605442176874,10,0.2,0.42105263157894735
135623,0.8461538461538461,0.15384615384615385,0.030470914127423823,11,0.18181818181818182,0.46153846153846156
219605,0.75,0.15,0.04491017964071856,15,0.2,0.3
255852,1.2,0.2,0.0594059405940594,18,0.16666666666666666,0.8
106037,0.3076923076923077,0.23076923076923078,0.0182648401826484,4,0.75,0.3076923076923077
225770,0.7058823529411765,0.17647058823529413,0.0364741641337386,12,0.25,0.47058823529411764
72017,0.625,0.125,0.050505050505050504,10,0.2,0.375
102408,0.6666666666666666,0.16666666666666666,0.037209302325581395,8,0.25,0.08333333333333333
180971,1.0,0.3333333333333333,0.041666666666666664,9,0.3333333333333333,0.7777777777777778
196665,0.631578947368421,0.15789473684210525,0.03560830860534125,12,0.25,0.5789473684210527
55156,0.7333333333333333,0.2,0.03900709219858156,11,0.2727272727272727,0.4
36060,0.5714285714285714,0.14285714285714285,0.039603960396039604,8,0.25,0.5714285714285714
128059,0.7,0.15,0.03146067415730337,14,0.21428571428571427,0.35
238063,0.45,0.15,0.023809523809523808,9,0.3333333333333333,0.7
96179,0.10526315789473684,0.10526315789473684,0.008583690987124463,2,1.0,0.5789473684210527
96361,0.65,0.1,0.028017241379310345,13,0.15384615384615385,0.7
93843,0.8888888888888888,0.1111111111111111,0.057971014492753624,16,0.125,0.3888888888888889
98513,0.5833333333333334,0.25,0.03910614525139665,7,0.42857142857142855,0.6666666666666666
50453,0.4,0.13333333333333333,0.022222222222222223,6,0.3333333333333333,0.4666666666666667
114006,0.25,0.08333333333333333,0.013953488372093023,3,0.3333333333333333,0.75
91996,0.23529411764705882,0.11764705882352941,0.01646090534979424,4,0.5,0.7647058823529411
207964,0.3888888888888889,0.1111111111111111,0.03626943005181347,7,0.2857142857142857,0.3333333333333333
43456,0.6923076923076923,0.15384615384615385,0.05084745762711865,9,0.2222222222222222,0.38461538461538464
274185,0.75,0.25,0.038461538461538464,9,0.3333333333333333,0.25
225416,0.5789473684210527,0.15789473684210525,0.03081232492997199,11,0.2727272727272727,0.47368421052631576
53742,1.7142857142857142,0.21428571428571427,0.069164265129683,24,0.125,0.6428571428571429
94532,0.125,0.125,0.012195121951219513,2,1.0,0.3125
129728,0.29411764705882354,0.058823529411764705,0.024154589371980676,5,0.2,0.5294117647058824
96700,1.2222222222222223,0.3333333333333333,0.044897959183673466,11,0.2727272727272727,0.3333333333333333
282586,0.47058823529411764,0.08823529411764706,0.038929440389294405,16,0.1875,0.8235294117647058
245497,1.25,0.25,0.04329004329004329,10,0.2,0.5
238858,1.625,0.125,0.06598984771573604,13,0.07692307692307693,0.5
172050,1.25,0.375,0.04184100418410042,10,0.3,0.75
207867,1.1666666666666667,0.3333333333333333,0.04827586206896552,7,0.2857142857142857,0.3333333333333333
115134,0.5454545454545454,0.09090909090909091,0.03296703296703297,6,0.16666666666666666,0.36363636363636365
112425,0.7857142857142857,0.14285714285714285,0.03064066852367688,11,0.18181818181818182,0.42857142857142855
272838,0.3333333333333333,0.09523809523809523,0.029045643153526972,7,0.2857142857142857,0.38095238095238093
247764,0.5833333333333334,0.16666666666666666,0.02422145328719723,7,0.2857142857142857,0.8333333333333334
140293,2.0,0.2,0.078125,20,0.1,0.6
49417,0.4,0.08,0.02320185614849188,10,0.2,0.68
95388,1.1111111111111112,0.3333333333333333,0.05555555555555555,10,0.3,0.3333333333333333
222510,0.9,0.1,0.05172413793103448,9,0.1111111111111111,0.4
247538,0.4117647058823529,0.17647058823529413,0.02564102564102564,7,0.42857142857142855,0.6470588235294118
193924,0.75,0.16666666666666666,0.0371900826446281,9,0.2222222222222222,0.5
247108,0.875,0.1875,0.05426356589147287,14,0.21428571428571427,0.625
89835,0.4,0.1,0.015810276679841896,4,0.25,0.4
128600,0.34782608695652173,0.13043478260869565,0.029197080291970802,8,0.375,0.34782608695652173
101281,0.5333333333333333,0.13333333333333333,0.03571428571428571,8,0.25,0.6666666666666666
188062,1.1666666666666667,0.25,0.05668016194331984,14,0.21428571428571427,0.5
199227,0.5454545454545454,0.09090909090909091,0.03571428571428571,6,0.16666666666666666,0.2727272727272727
96377,0.6,0.13333333333333333,0.03225806451612903,9,0.2222222222222222,0.7333333333333333
38374,0.5833333333333334,0.16666666666666666,0.023026315789473683,7,0.2857142857142857,0.75
187033,1.6666666666666667,0.3333333333333333,0.06309148264984227,20,0.2,0.5
252912,0.75,0.125,0.0364741641337386,12,0.16666666666666666,0.25
219627,0.4,0.05,0.021739130434782608,8,0.125,0.3
95887,0.5454545454545454,0.18181818181818182,0.03636363636363636,6,0.3333333333333333,0.2727272727272727
238100,0.6153846153846154,0.23076923076923078,0.03278688524590164,8,0.375,0.6153846153846154
323217,1.1111111111111112,0.2222222222222222,0.041666666666666664,10,0.2,0.3333333333333333
221740,0.9090909090909091,0.18181818181818182,0.04484304932735426,10,0.2,0.45454545454545453
114845,0.9166666666666666,0.25,0.03481012658227848,11,0.2727272727272727,0.8333333333333334
238545,1.1666666666666667,0.1111111111111111,0.050724637681159424,21,0.09523809523809523,0.5555555555555556
181978,2.0,0.3333333333333333,0.043795620437956206,18,0.16666666666666666,0.6666666666666666
33436,0.5714285714285714,0.14285714285714285,0.037383177570093455,8,0.25,0.6428571428571429
119348,1.0625,0.1875,0.04607046070460705,17,0.17647058823529413,0.4375
10124,1.2,0.2,0.056074766355140186,18,0.16666666666666666,0.8666666666666667
219310,1.0,0.23076923076923078,0.04924242424242424,13,0.23076923076923078,0.5384615384615384
258654,1.625,0.25,0.0391566265060241,13,0.15384615384615385,0.5
114624,0.5,0.1875,0.03137254901960784,8,0.375,0.3125
221137,1.5454545454545454,0.2727272727272727,0.07623318385650224,17,0.17647058823529413,0.6363636363636364
31392,0.7777777777777778,0.2222222222222222,0.043209876543209874,7,0.2857142857142857,0.6666666666666666
208465,0.45454545454545453,0.18181818181818182,0.021739130434782608,5,0.4,0.8181818181818182
194299,0.5,0.1111111111111111,0.038461538461538464,9,0.2222222222222222,0.6666666666666666
23656,0.375,0.08333333333333333,0.029508196721311476,9,0.2222222222222222,0.9166666666666666
94439,0.4444444444444444,0.1111111111111111,0.035398230088495575,8,0.25,0.4444444444444444
261326,1.3333333333333333,0.3333333333333333,0.052980132450331126,8,0.25,0.16666666666666666
193894,1.25,0.08333333333333333,0.0528169014084507,15,0.06666666666666667,0.8333333333333334
81538,0.6428571428571429,0.21428571428571427,0.03296703296703297,9,0.3333333333333333,0.42857142857142855
192799,0.4,0.15,0.024464831804281346,8,0.375,0.35
205268,0.8461538461538461,0.15384615384615385,0.037800687285223365,11,0.18181818181818182,0.46153846153846156
106973,0.6086956521739131,0.08695652173913043,0.045307443365695796,14,0.14285714285714285,0.5217391304347826
31474,0.47368421052631576,0.10526315789473684,0.03146853146853147,9,0.2222222222222222,0.7894736842105263
267255,0.6818181818181818,0.13636363636363635,0.04054054054054054,15,0.2,0.5454545454545454
211875,0.14285714285714285,0.07142857142857142,0.00966183574879227,2,0.5,0.42857142857142855
245276,0.55,0.15,0.04365079365079365,11,0.2727272727272727,0.8
43342,1.1818181818181819,0.18181818181818182,0.04710144927536232,13,0.15384615384615385,0.45454545454545453
273539,0.9166666666666666,0.16666666666666666,0.03343465045592705,11,0.18181818181818182,0.6666666666666666
267354,0.5454545454545454,0.09090909090909091,0.03636363636363636,6,0.16666666666666666,0.8181818181818182
224649,1.5,0.3,0.055350553505535055,15,0.2,0.4
240915,1.6363636363636365,0.2727272727272727,0.0861244019138756,18,0.16666666666666666,0.09090909090909091
112223,0.42857142857142855,0.21428571428571427,0.02654867256637168,6,0.5,0.35714285714285715
260011,0.391304347826087,0.13043478260869565,0.04090909090909091,9,0.3333333333333333,0.6521739130434783
218912,1.0714285714285714,0.14285714285714285,0.05952380952380952,15,0.13333333333333333,0.21428571428571427
259260,0.14285714285714285,0.07142857142857142,0.012345679012345678,6,0.5,0.6666666666666666
99331,0.7222222222222222,0.1111111111111111,0.05603448275862069,13,0.15384615384615385,0.7777777777777778
223431,0.5294117647058824,0.17647058823529413,0.03734439834024896,9,0.3333333333333333,0.4117647058823529
44780,0.75,0.16666666666666666,0.034482758620689655,9,0.2222222222222222,0.5
268258,0.9375,0.1875,0.046296296296296294,15,0.2,0.75
21844,0.42857142857142855,0.14285714285714285,0.037267080745341616,6,0.3333333333333333,0.8571428571428571
255226,1.3333333333333333,0.16666666666666666,0.060453400503778336,24,0.125,0.4444444444444444
238060,0.7619047619047619,0.14285714285714285,0.037122969837587005,16,0.1875,0.42857142857142855
136234,1.5714285714285714,0.21428571428571427,0.06790123456790123,22,0.13636363636363635,0.5
204378,5.0,1.5,0.044642857142857144,10,0.3,0.0
209758,0.4444444444444444,0.05555555555555555,0.026143790849673203,8,0.125,0.6111111111111112
259470,0.25925925925925924,0.037037037037037035,0.02280130293159609,7,0.14285714285714285,0.2222222222222222
30858,1.1428571428571428,0.21428571428571427,0.0471976401179941,16,0.1875,0.7142857142857143
206606,0.38461538461538464,0.15384615384615385,0.018656716417910446,5,0.4,0.5384615384615384
239180,1.3636363636363635,0.2727272727272727,0.06696428571428571,15,0.2,0.6363636363636364
108793,0.9047619047619048,0.09523809523809523,0.045563549160671464,19,0.10526315789473684,0.7142857142857143
110003,1.4166666666666667,0.16666666666666666,0.056666666666666664,17,0.11764705882352941,0.3333333333333333
17811,0.6153846153846154,0.07692307692307693,0.036036036036036036,8,0.125,0.5384615384615384
123986,1.0,0.14285714285714285,0.04946996466431095,14,0.14285714285714285,0.5714285714285714
257534,0.4,0.1,0.027972027972027972,8,0.25,0.4
45186,0.47058823529411764,0.11764705882352941,0.036036036036036036,8,0.25,0.5294117647058824
59333,0.4090909090909091,0.09090909090909091,0.02875399361022364,9,0.2222222222222222,0.7727272727272727
126831,0.4,0.15,0.03225806451612903,8,0.375,0.45
101708,0.6470588235294118,0.17647058823529413,0.03859649122807018,11,0.2727272727272727,0.4117647058823529
50302,1.3636363636363635,0.18181818181818182,0.05859375,15,0.13333333333333333,0.6363636363636364
273531,0.5,0.08333333333333333,0.03260869565217391,12,0.16666666666666666,0.3333333333333333
189856,0.75,0.15,0.03926701570680628,15,0.2,0.9
97908,1.0,0.3,0.04975124378109453,10,0.3,0.8
241629,0.7692307692307693,0.3076923076923077,0.03215434083601286,10,0.4,0.46153846153846156
292277,0.7692307692307693,0.23076923076923078,0.052083333333333336,10,0.3,0.6153846153846154
282985,1.5,0.14285714285714285,0.05198019801980198,21,0.09523809523809523,0.42857142857142855
40367,0.7307692307692307,0.07692307692307693,0.03653846153846154,19,0.10526315789473684,0.5384615384615384
273171,1.0526315789473684,0.15789473684210525,0.05934718100890208,20,0.15,0.6842105263157895
79925,1.1666666666666667,0.1,0.05785123966942149,35,0.08571428571428572,0.9333333333333333
210098,1.0,0.18181818181818182,0.04526748971193416,11,0.18181818181818182,0.6363636363636364
245207,0.6666666666666666,0.14285714285714285,0.029723991507430998,14,0.21428571428571427,0.5238095238095238
7155,1.25,0.25,0.06302521008403361,15,0.2,0.6666666666666666
261052,0.6190476190476191,0.14285714285714285,0.036827195467422094,13,0.23076923076923078,0.9047619047619048
108146,0.6428571428571429,0.21428571428571427,0.05142857142857143,9,0.3333333333333333,0.8571428571428571
220550,1.0,0.09090909090909091,0.05432098765432099,22,0.09090909090909091,0.45454545454545453
21696,0.3125,0.125,0.024630541871921183,5,0.4,0.4375
40970,0.9333333333333333,0.2,0.04516129032258064,14,0.21428571428571427,0.8666666666666667
246117,0.5,0.2,0.027777777777777776,5,0.4,0.4
22719,1.1818181818181819,0.18181818181818182,0.058823529411764705,13,0.15384615384615385,0.5454545454545454
140317,1.125,0.125,0.06818181818181818,18,0.1111111111111111,0.875
80620,0.7692307692307693,0.23076923076923078,0.044444444444444446,10,0.3,0.15384615384615385
32459,1.0,0.2727272727272727,0.04700854700854701,11,0.2727272727272727,0.36363636363636365
40181,0.46153846153846156,0.07692307692307693,0.025,12,0.16666666666666666,0.6153846153846154
255224,1.2307692307692308,0.23076923076923078,0.04481792717086835,16,0.1875,0.46153846153846156
