,synonymToNouns,synonymToVerbs,averageSynClassNOUN,averageSynClassVERB
88888,0.9411764705882353,0.8823529411764706,1.0625,1.1333333333333333
207958,0.9411764705882353,0.8823529411764706,1.0625,1.1333333333333333
93821,0.9285714285714286,0.75,1.0769230769230769,1.3333333333333333
224263,0.875,0.8235294117647058,1.1428571428571428,1.2142857142857142
68828,1.0,0.9411764705882353,1.0,1.0625
256174,0.96,0.8666666666666667,1.0416666666666667,1.1538461538461537
47797,0.9473684210526315,0.7,1.0555555555555556,1.4285714285714286
58151,0.8666666666666667,0.8333333333333334,1.1538461538461537,1.2
160225,0.92,0.8333333333333334,1.0869565217391304,1.2
48724,1.0,0.7419354838709677,1.0,1.3478260869565217
40247,0.8888888888888888,0.5952380952380952,1.125,1.68
61531,0.9230769230769231,1.0,1.0833333333333333,1.0
238645,1.0,0.7,1.0,1.4285714285714286
46826,0.9375,0.96,1.0666666666666667,1.0416666666666667
125845,0.9411764705882353,0.7777777777777778,1.0625,1.2857142857142858
211611,0.8636363636363636,0.9444444444444444,1.1578947368421053,1.0588235294117647
226601,0.88,0.8695652173913043,1.1363636363636365,1.15
96642,0.9047619047619048,1.0,1.105263157894737,1.0
34984,0.9375,0.7941176470588235,1.0666666666666667,1.2592592592592593
89951,0.9555555555555556,0.8148148148148148,1.0465116279069768,1.2272727272727273
102184,0.9655172413793104,0.8181818181818182,1.0357142857142858,1.2222222222222223
87400,1.0,0.7692307692307693,1.0,1.3
50479,0.9565217391304348,0.8571428571428571,1.0454545454545454,1.1666666666666667
256935,0.9354838709677419,0.7058823529411765,1.0689655172413792,1.4166666666666667
233405,0.9333333333333333,0.6578947368421053,1.0714285714285714,1.52
65939,0.9743589743589743,0.5666666666666667,1.0263157894736843,1.7647058823529411
83400,0.9130434782608695,0.8846153846153846,1.0952380952380953,1.1304347826086956
22373,0.92,0.8095238095238095,1.0869565217391304,1.2352941176470589
230692,0.9787234042553191,0.7916666666666666,1.0217391304347827,1.263157894736842
29771,0.9310344827586207,0.7878787878787878,1.0740740740740742,1.2692307692307692
76124,1.0,0.8387096774193549,1.0,1.1923076923076923
31544,0.9,0.6666666666666666,1.1111111111111112,1.5
29751,1.0,0.7647058823529411,1.0,1.3076923076923077
98155,0.9545454545454546,0.7391304347826086,1.0476190476190477,1.3529411764705883
209775,0.8695652173913043,0.8235294117647058,1.15,1.2142857142857142
32681,0.9583333333333334,0.8571428571428571,1.0434782608695652,1.1666666666666667
370404,1.0,0.8235294117647058,1.0,1.2142857142857142
80855,0.9545454545454546,0.782608695652174,1.0476190476190477,1.2777777777777777
101880,0.90625,0.5641025641025641,1.103448275862069,1.7727272727272727
46808,0.95,0.7777777777777778,1.0526315789473684,1.2857142857142858
125868,1.0,0.6470588235294118,1.0,1.5454545454545454
81668,1.0,0.6896551724137931,1.0,1.45
116219,0.9230769230769231,0.8,1.0833333333333333,1.25
224285,0.8148148148148148,0.7894736842105263,1.2272727272727273,1.2666666666666666
238889,0.8928571428571429,0.7777777777777778,1.12,1.2857142857142858
84133,0.9655172413793104,0.95,1.0357142857142858,1.0526315789473684
27798,0.8888888888888888,0.9090909090909091,1.125,1.1
199215,0.9411764705882353,0.8571428571428571,1.0625,1.1666666666666667
264418,0.96875,0.7741935483870968,1.032258064516129,1.2916666666666667
91292,1.0,0.8666666666666667,1.0,1.1538461538461537
272624,0.9459459459459459,0.7714285714285715,1.0571428571428572,1.2962962962962963
107182,0.9333333333333333,0.5357142857142857,1.0714285714285714,1.8666666666666667
114945,1.0,0.7647058823529411,1.0,1.3076923076923077
41381,1.0,0.9444444444444444,1.0,1.0588235294117647
89266,0.9090909090909091,0.7777777777777778,1.1,1.2857142857142858
230422,0.8979591836734694,0.7,1.1136363636363635,1.4285714285714286
223926,0.9047619047619048,0.7,1.105263157894737,1.4285714285714286
61035,0.9285714285714286,0.8095238095238095,1.0769230769230769,1.2352941176470589
121400,0.9642857142857143,0.8421052631578947,1.037037037037037,1.1875
202431,1.0,0.8421052631578947,1.0,1.1875
299754,0.84,0.7419354838709677,1.1904761904761905,1.3478260869565217
193291,0.9523809523809523,0.7222222222222222,1.05,1.3846153846153846
111363,0.9615384615384616,0.8947368421052632,1.04,1.1176470588235294
22689,0.8666666666666667,0.9130434782608695,1.1538461538461537,1.0952380952380953
187775,0.8823529411764706,0.84375,1.1333333333333333,1.1851851851851851
136211,1.0,0.782608695652174,1.0,1.2777777777777777
87434,0.8846153846153846,0.8260869565217391,1.1304347826086956,1.2105263157894737
41032,1.0,0.7142857142857143,1.0,1.4
261902,0.8461538461538461,0.62,1.1818181818181819,1.6129032258064515
28142,1.0,0.7777777777777778,1.0,1.2857142857142858
282560,0.9,0.9047619047619048,1.1111111111111112,1.105263157894737
132570,0.9545454545454546,0.7619047619047619,1.0476190476190477,1.3125
65068,0.9375,0.6444444444444445,1.0666666666666667,1.5517241379310345
92221,0.9545454545454546,0.9090909090909091,1.0476190476190477,1.1
234053,0.9705882352941176,0.7307692307692307,1.0303030303030303,1.368421052631579
30162,0.9666666666666667,0.8181818181818182,1.0344827586206897,1.2222222222222223
71987,1.0,0.875,1.0,1.1428571428571428
23343,0.9615384615384616,0.8095238095238095,1.04,1.2352941176470589
97289,0.9354838709677419,0.85,1.0689655172413792,1.1764705882352942
49029,0.9512195121951219,0.926829268292683,1.0512820512820513,1.0789473684210527
225343,1.0,0.8846153846153846,1.0,1.1304347826086956
273032,0.85,0.5476190476190477,1.1764705882352942,1.826086956521739
26113,0.85,0.8461538461538461,1.1764705882352942,1.1818181818181819
102389,0.8888888888888888,0.7272727272727273,1.125,1.375
107456,0.8846153846153846,0.75,1.1304347826086956,1.3333333333333333
228561,1.0,0.8571428571428571,1.0,1.1666666666666667
94983,1.0,0.8666666666666667,1.0,1.1538461538461537
229808,1.0,0.8947368421052632,1.0,1.1176470588235294
208322,0.8620689655172413,0.92,1.16,1.0869565217391304
290546,0.9259259259259259,0.9642857142857143,1.08,1.037037037037037
261267,0.84,0.65,1.1904761904761905,1.5384615384615385
24814,0.9545454545454546,0.7647058823529411,1.0476190476190477,1.3076923076923077
106514,0.8695652173913043,0.7916666666666666,1.15,1.263157894736842
188334,0.9655172413793104,0.9285714285714286,1.0357142857142858,1.0769230769230769
139032,0.9428571428571428,0.6829268292682927,1.0606060606060606,1.4642857142857142
272817,0.9333333333333333,0.625,1.0714285714285714,1.6
121128,0.9523809523809523,0.9473684210526315,1.05,1.0555555555555556
118583,1.0,0.7272727272727273,1.0,1.375
27880,1.0,0.8333333333333334,1.0,1.2
208148,0.96,0.84,1.0416666666666667,1.1904761904761905
125344,1.0,0.7391304347826086,1.0,1.3529411764705883
243797,0.9512195121951219,0.8529411764705882,1.0512820512820513,1.1724137931034482
327283,0.9230769230769231,0.7037037037037037,1.0833333333333333,1.4210526315789473
49264,1.0,0.8823529411764706,1.0,1.1333333333333333
38019,0.8857142857142857,0.8214285714285714,1.1290322580645162,1.2173913043478262
207977,0.8947368421052632,0.8571428571428571,1.1176470588235294,1.1666666666666667
266366,0.8809523809523809,0.7843137254901961,1.135135135135135,1.275
213619,0.9523809523809523,0.6785714285714286,1.05,1.4736842105263157
226602,0.9565217391304348,0.8518518518518519,1.0454545454545454,1.173913043478261
93828,0.9583333333333334,0.96,1.0434782608695652,1.0416666666666667
74204,0.9655172413793104,0.9545454545454546,1.0357142857142858,1.0476190476190477
22798,1.0,0.8,1.0,1.25
241164,0.9130434782608695,0.7222222222222222,1.0952380952380953,1.3846153846153846
217395,0.9565217391304348,0.6666666666666666,1.0454545454545454,1.5
96337,1.0,0.7692307692307693,1.0,1.3
203466,0.9130434782608695,1.0,1.0952380952380953,1.0
88792,0.9545454545454546,0.6923076923076923,1.0476190476190477,1.4444444444444444
241638,0.8636363636363636,1.0,1.1578947368421053,1.0
257247,0.9310344827586207,0.9259259259259259,1.0740740740740742,1.08
88077,0.9302325581395349,0.8285714285714286,1.075,1.206896551724138
30036,1.0,0.782608695652174,1.0,1.2777777777777777
112172,0.918918918918919,0.7931034482758621,1.088235294117647,1.2608695652173914
231412,1.0,1.0,1.0,1.0
137827,0.9583333333333334,0.9545454545454546,1.0434782608695652,1.0476190476190477
368460,0.9473684210526315,0.5333333333333333,1.0555555555555556,1.875
49903,0.9655172413793104,0.4772727272727273,1.0357142857142858,2.0952380952380953
239242,0.9444444444444444,1.0,1.0588235294117647,1.0
130633,0.92,0.7391304347826086,1.0869565217391304,1.3529411764705883
193322,1.0,0.7368421052631579,1.0,1.3571428571428572
98187,0.9230769230769231,0.9444444444444444,1.0833333333333333,1.0588235294117647
216007,0.8775510204081632,0.7924528301886793,1.1395348837209303,1.2619047619047619
110824,0.88,0.9444444444444444,1.1363636363636365,1.0588235294117647
40266,0.8545454545454545,0.9230769230769231,1.1702127659574468,1.0833333333333333
236021,1.0,0.8095238095238095,1.0,1.2352941176470589
288714,0.9,0.8260869565217391,1.1111111111111112,1.2105263157894737
84176,1.0,0.8,1.0,1.25
238567,1.0,0.9411764705882353,1.0,1.0625
100499,0.9166666666666666,0.8571428571428571,1.0909090909090908,1.1666666666666667
263444,0.9215686274509803,0.6037735849056604,1.0851063829787233,1.65625
265302,0.9622641509433962,0.6578947368421053,1.0392156862745099,1.52
233431,0.96875,0.6551724137931034,1.032258064516129,1.5263157894736843
224631,0.8947368421052632,0.6666666666666666,1.1176470588235294,1.5
74184,0.9629629629629629,0.8235294117647058,1.0384615384615385,1.2142857142857142
121117,1.0,0.6666666666666666,1.0,1.5
241172,0.9090909090909091,0.8,1.1,1.25
93119,1.0,1.0,1.0,1.0
63951,1.0,0.7419354838709677,1.0,1.3478260869565217
16145,1.0,0.7777777777777778,1.0,1.2857142857142858
124190,0.8571428571428571,0.8518518518518519,1.1666666666666667,1.173913043478261
295793,1.0,0.6086956521739131,1.0,1.6428571428571428
84140,0.9473684210526315,0.7222222222222222,1.0555555555555556,1.3846153846153846
204085,1.0,0.8823529411764706,1.0,1.1333333333333333
270771,0.9166666666666666,0.5862068965517241,1.0909090909090908,1.7058823529411764
251839,0.9230769230769231,0.8214285714285714,1.0833333333333333,1.2173913043478262
246216,0.9,0.7916666666666666,1.1111111111111112,1.263157894736842
290088,0.9090909090909091,0.7222222222222222,1.1,1.3846153846153846
35684,1.0,0.8333333333333334,1.0,1.2
227173,0.96875,0.8484848484848485,1.032258064516129,1.1785714285714286
74115,1.0,0.875,1.0,1.1428571428571428
50103,1.0,0.7222222222222222,1.0,1.3846153846153846
209354,1.0,0.7368421052631579,1.0,1.3571428571428572
27863,0.9655172413793104,0.84,1.0357142857142858,1.1904761904761905
134298,1.0,0.7037037037037037,1.0,1.4210526315789473
179797,0.9473684210526315,1.0,1.0555555555555556,1.0
113491,0.95,0.7272727272727273,1.0526315789473684,1.375
22360,1.0,0.6666666666666666,1.0,1.5
49358,0.8076923076923077,0.8095238095238095,1.2380952380952381,1.2352941176470589
79934,0.9444444444444444,0.8947368421052632,1.0588235294117647,1.1176470588235294
224599,1.0,0.84,1.0,1.1904761904761905
204519,0.9473684210526315,0.8695652173913043,1.0555555555555556,1.15
56006,0.92,0.8333333333333334,1.0869565217391304,1.2
139006,0.819672131147541,0.7230769230769231,1.22,1.3829787234042554
247318,1.0,0.8666666666666667,1.0,1.1538461538461537
206507,0.9473684210526315,1.0,1.0555555555555556,1.0
113265,0.8888888888888888,0.6190476190476191,1.125,1.6153846153846154
219614,0.8571428571428571,0.7142857142857143,1.1666666666666667,1.4
224622,0.96875,0.7307692307692307,1.032258064516129,1.368421052631579
112433,1.0,0.7741935483870968,1.0,1.2916666666666667
105553,0.9230769230769231,1.0,1.0833333333333333,1.0
224472,0.9629629629629629,0.7857142857142857,1.0384615384615385,1.2727272727272727
107585,0.8518518518518519,0.6842105263157895,1.173913043478261,1.4615384615384615
42946,0.9565217391304348,0.8333333333333334,1.0454545454545454,1.2
110203,1.0,0.8095238095238095,1.0,1.2352941176470589
26115,0.8214285714285714,0.7894736842105263,1.2173913043478262,1.2666666666666666
74101,0.9523809523809523,0.7647058823529411,1.05,1.3076923076923077
265811,0.9512195121951219,0.6326530612244898,1.0512820512820513,1.5806451612903225
116213,0.9487179487179487,0.72,1.054054054054054,1.3888888888888888
223377,0.8518518518518519,0.8888888888888888,1.173913043478261,1.125
91284,0.967741935483871,0.7916666666666666,1.0333333333333334,1.263157894736842
101787,0.896551724137931,0.9166666666666666,1.1153846153846154,1.0909090909090908
27857,0.9565217391304348,0.782608695652174,1.0454545454545454,1.2777777777777777
188825,0.9090909090909091,0.8571428571428571,1.1,1.1666666666666667
80866,0.9545454545454546,0.8888888888888888,1.0476190476190477,1.125
239572,0.9285714285714286,0.782608695652174,1.0769230769230769,1.2777777777777777
224817,0.9473684210526315,0.8095238095238095,1.0555555555555556,1.2352941176470589
21735,0.9230769230769231,0.8181818181818182,1.0833333333333333,1.2222222222222223
74197,0.9583333333333334,0.782608695652174,1.0434782608695652,1.2777777777777777
219600,0.9142857142857143,0.9,1.09375,1.1111111111111112
122581,0.9285714285714286,0.7916666666666666,1.0769230769230769,1.263157894736842
88119,0.8947368421052632,1.0,1.1176470588235294,1.0
236399,1.0,0.8461538461538461,1.0,1.1818181818181819
290062,1.0,0.9411764705882353,1.0,1.0625
220200,1.0,0.6956521739130435,1.0,1.4375
261900,0.8181818181818182,0.6666666666666666,1.2222222222222223,1.5
69707,0.8780487804878049,0.8333333333333334,1.1388888888888888,1.2
36098,0.8461538461538461,0.8235294117647058,1.1818181818181819,1.2142857142857142
254488,0.9230769230769231,0.8148148148148148,1.0833333333333333,1.2272727272727273
214095,0.8333333333333334,0.95,1.2,1.0526315789473684
16530,0.9444444444444444,0.8076923076923077,1.0588235294117647,1.2380952380952381
26690,0.9655172413793104,0.95,1.0357142857142858,1.0526315789473684
216097,0.9393939393939394,0.7777777777777778,1.064516129032258,1.2857142857142858
262226,0.9444444444444444,0.9411764705882353,1.0588235294117647,1.0625
202810,0.8461538461538461,0.7619047619047619,1.1818181818181819,1.3125
69268,0.9565217391304348,0.8095238095238095,1.0454545454545454,1.2352941176470589
210259,0.975609756097561,0.6785714285714286,1.025,1.4736842105263157
104739,0.9444444444444444,0.6296296296296297,1.0588235294117647,1.588235294117647
535523,0.9090909090909091,0.6363636363636364,1.1,1.5714285714285714
35692,0.9615384615384616,0.8235294117647058,1.04,1.2142857142857142
112148,0.9411764705882353,0.75,1.0625,1.3333333333333333
203806,0.8656716417910447,0.6666666666666666,1.1551724137931034,1.5
215318,0.9583333333333334,0.8125,1.0434782608695652,1.2307692307692308
206585,0.9545454545454546,0.8235294117647058,1.0476190476190477,1.2142857142857142
27888,0.9375,1.0,1.0666666666666667,1.0
241178,0.9473684210526315,0.6666666666666666,1.0555555555555556,1.5
99501,0.9736842105263158,0.8928571428571429,1.027027027027027,1.12
341382,0.9230769230769231,0.8125,1.0833333333333333,1.2307692307692308
68721,1.0,1.0,1.0,1.0
22884,0.8076923076923077,0.8421052631578947,1.2380952380952381,1.1875
276217,0.8913043478260869,0.7428571428571429,1.1219512195121952,1.3461538461538463
47939,0.972972972972973,0.7727272727272727,1.0277777777777777,1.2941176470588236
87161,0.9411764705882353,0.9166666666666666,1.0625,1.0909090909090908
79019,1.0,0.9166666666666666,1.0,1.0909090909090908
274219,1.0,0.8235294117647058,1.0,1.2142857142857142
56989,1.0,0.9545454545454546,1.0,1.0476190476190477
202990,0.896551724137931,0.6875,1.1153846153846154,1.4545454545454546
80914,0.9333333333333333,0.65,1.0714285714285714,1.5384615384615385
189966,0.8857142857142857,0.8387096774193549,1.1290322580645162,1.1923076923076923
92578,0.9285714285714286,0.8076923076923077,1.0769230769230769,1.2380952380952381
108573,0.9047619047619048,0.9047619047619048,1.105263157894737,1.105263157894737
270993,0.9230769230769231,0.8235294117647058,1.0833333333333333,1.2142857142857142
298736,0.9772727272727273,0.5531914893617021,1.0232558139534884,1.8076923076923077
255343,1.0,0.7857142857142857,1.0,1.2727272727272727
58554,1.0,0.8947368421052632,1.0,1.1176470588235294
21638,0.88,0.7142857142857143,1.1363636363636365,1.4
233366,0.9333333333333333,0.6666666666666666,1.0714285714285714,1.5
33439,0.8888888888888888,0.9375,1.125,1.0666666666666667
66623,0.9130434782608695,0.8571428571428571,1.0952380952380953,1.1666666666666667
40129,0.95,0.8,1.0526315789473684,1.25
102858,0.9259259259259259,0.7777777777777778,1.08,1.2857142857142858
301321,0.9310344827586207,0.8333333333333334,1.0740740740740742,1.2
127490,0.9230769230769231,0.8823529411764706,1.0833333333333333,1.1333333333333333
183364,0.9230769230769231,0.75,1.0833333333333333,1.3333333333333333
88791,0.9,0.6666666666666666,1.1111111111111112,1.5
58096,1.0,0.68,1.0,1.4705882352941178
221274,0.9333333333333333,0.8421052631578947,1.0714285714285714,1.1875
210240,0.9047619047619048,0.7037037037037037,1.105263157894737,1.4210526315789473
122439,1.0,0.5652173913043478,1.0,1.7692307692307692
94215,0.8260869565217391,1.0,1.2105263157894737,1.0
271366,0.95,0.6122448979591837,1.0526315789473684,1.6333333333333333
252177,0.75,0.9545454545454546,1.3333333333333333,1.0476190476190477
158832,0.9629629629629629,0.7647058823529411,1.0384615384615385,1.3076923076923077
301320,0.9333333333333333,0.75,1.0714285714285714,1.3333333333333333
260199,0.8387096774193549,0.9411764705882353,1.1923076923076923,1.0625
25271,0.9666666666666667,0.8333333333333334,1.0344827586206897,1.2
90172,0.875,0.8888888888888888,1.1428571428571428,1.125
233880,0.8928571428571429,0.6666666666666666,1.12,1.5
30763,0.9354838709677419,0.7714285714285715,1.0689655172413792,1.2962962962962963
120363,0.9411764705882353,0.896551724137931,1.0625,1.1153846153846154
71459,0.9411764705882353,0.9411764705882353,1.0625,1.0625
74532,0.88,0.65625,1.1363636363636365,1.5238095238095237
34684,0.9090909090909091,0.8235294117647058,1.1,1.2142857142857142
92291,0.8620689655172413,1.0,1.16,1.0
22277,0.9411764705882353,0.8571428571428571,1.0625,1.1666666666666667
136647,0.85,1.0,1.1764705882352942,1.0
273237,0.9523809523809523,0.675,1.05,1.4814814814814814
70420,1.0,0.875,1.0,1.1428571428571428
97463,0.9545454545454546,0.7777777777777778,1.0476190476190477,1.2857142857142858
191616,0.9122807017543859,0.6875,1.0961538461538463,1.4545454545454546
46860,1.0,0.8461538461538461,1.0,1.1818181818181819
275248,0.9411764705882353,0.7083333333333334,1.0625,1.411764705882353
46497,1.0,0.8620689655172413,1.0,1.16
223333,1.0,0.8823529411764706,1.0,1.1333333333333333
187566,0.9375,0.8888888888888888,1.0666666666666667,1.125
206621,0.8928571428571429,0.9523809523809523,1.12,1.05
93807,0.9285714285714286,0.75,1.0769230769230769,1.3333333333333333
154449,1.0,0.8125,1.0,1.2307692307692308
255338,1.0,0.8571428571428571,1.0,1.1666666666666667
98562,0.9545454545454546,0.875,1.0476190476190477,1.1428571428571428
102534,0.9333333333333333,0.7837837837837838,1.0714285714285714,1.2758620689655173
36116,1.0,0.782608695652174,1.0,1.2777777777777777
89787,0.975,0.6896551724137931,1.0256410256410255,1.45
210618,1.0,0.6451612903225806,1.0,1.55
17622,0.9545454545454546,0.8181818181818182,1.0476190476190477,1.2222222222222223
188004,0.9285714285714286,0.8125,1.0769230769230769,1.2307692307692308
131871,0.9473684210526315,0.95,1.0555555555555556,1.0526315789473684
30762,0.9428571428571428,0.7222222222222222,1.0606060606060606,1.3846153846153846
112509,0.9090909090909091,1.0,1.1,1.0
90008,0.9473684210526315,0.7272727272727273,1.0555555555555556,1.375
267252,0.9130434782608695,0.9130434782608695,1.0952380952380953,1.0952380952380953
81615,0.9411764705882353,0.9090909090909091,1.0625,1.1
210238,0.88,0.8484848484848485,1.1363636363636365,1.1785714285714286
110788,0.9615384615384616,0.75,1.04,1.3333333333333333
70710,0.9523809523809523,0.8823529411764706,1.05,1.1333333333333333
236442,1.0,1.0,1.0,1.0
202826,0.96875,0.7878787878787878,1.032258064516129,1.2692307692307692
130366,1.0,0.8181818181818182,1.0,1.2222222222222223
80640,1.0,0.9565217391304348,1.0,1.0454545454545454
275603,0.95,0.782608695652174,1.0526315789473684,1.2777777777777777
111734,1.0,0.8846153846153846,1.0,1.1304347826086956
276771,0.9615384615384616,0.8235294117647058,1.04,1.2142857142857142
19664,1.0,0.6666666666666666,1.0,1.5
47472,1.0,0.7307692307692307,1.0,1.368421052631579
26808,0.9130434782608695,0.9333333333333333,1.0952380952380953,1.0714285714285714
118573,0.9117647058823529,0.9565217391304348,1.096774193548387,1.0454545454545454
110209,1.0,0.7777777777777778,1.0,1.2857142857142858
96194,0.8823529411764706,0.9285714285714286,1.1333333333333333,1.0769230769230769
91002,0.9375,0.8,1.0666666666666667,1.25
105963,0.9523809523809523,0.9130434782608695,1.05,1.0952380952380953
10219,0.95,0.9444444444444444,1.0526315789473684,1.0588235294117647
96099,0.85,0.7619047619047619,1.1764705882352942,1.3125
270444,1.0,0.782608695652174,1.0,1.2777777777777777
257531,0.9615384615384616,0.8571428571428571,1.04,1.1666666666666667
37117,0.92,0.68,1.0869565217391304,1.4705882352941178
136205,0.9166666666666666,0.76,1.0909090909090908,1.3157894736842106
103114,0.9230769230769231,0.64,1.0833333333333333,1.5625
88881,1.0,0.7333333333333333,1.0,1.3636363636363635
38154,0.9130434782608695,0.8235294117647058,1.0952380952380953,1.2142857142857142
94525,0.9285714285714286,0.8,1.0769230769230769,1.25
220548,0.8775510204081632,0.775,1.1395348837209303,1.2903225806451613
210433,0.9655172413793104,0.8333333333333334,1.0357142857142858,1.2
29758,0.9,0.8947368421052632,1.1111111111111112,1.1176470588235294
110754,1.0,0.7222222222222222,1.0,1.3846153846153846
229967,0.95,1.0,1.0526315789473684,1.0
130426,0.9473684210526315,0.8235294117647058,1.0555555555555556,1.2142857142857142
50478,1.0,0.7142857142857143,1.0,1.4
116481,0.8636363636363636,0.9,1.1578947368421053,1.1111111111111112
254216,0.9166666666666666,0.7307692307692307,1.0909090909090908,1.368421052631579
283935,0.9230769230769231,0.9285714285714286,1.0833333333333333,1.0769230769230769
28412,0.9333333333333333,0.7307692307692307,1.0714285714285714,1.368421052631579
30646,0.9642857142857143,0.9411764705882353,1.037037037037037,1.0625
61247,0.8695652173913043,0.7894736842105263,1.15,1.2666666666666666
266791,0.859375,0.65,1.1636363636363636,1.5384615384615385
190740,0.9655172413793104,0.8518518518518519,1.0357142857142858,1.173913043478261
222116,1.0,0.8333333333333334,1.0,1.2
47056,0.9032258064516129,0.7777777777777778,1.1071428571428572,1.2857142857142858
250343,0.96,0.9565217391304348,1.0416666666666667,1.0454545454545454
78398,0.8717948717948718,0.8857142857142857,1.1470588235294117,1.1290322580645162
227426,0.9333333333333333,0.7931034482758621,1.0714285714285714,1.2608695652173914
270416,1.0,0.8260869565217391,1.0,1.2105263157894737
216857,0.96,0.8333333333333334,1.0416666666666667,1.2
243341,1.0,0.5609756097560976,1.0,1.7826086956521738
24196,0.92,0.84375,1.0869565217391304,1.1851851851851851
75441,0.9230769230769231,0.8461538461538461,1.0833333333333333,1.1818181818181819
291121,0.9047619047619048,0.7368421052631579,1.105263157894737,1.3571428571428572
113162,0.8695652173913043,0.8064516129032258,1.15,1.24
181504,0.9565217391304348,0.7058823529411765,1.0454545454545454,1.4166666666666667
118354,1.0,0.7272727272727273,1.0,1.375
75892,0.9473684210526315,1.0,1.0555555555555556,1.0
222247,0.8780487804878049,0.8709677419354839,1.1388888888888888,1.1481481481481481
241124,0.9230769230769231,0.8571428571428571,1.0833333333333333,1.1666666666666667
35694,1.0,0.8461538461538461,1.0,1.1818181818181819
283495,0.9375,1.0,1.0666666666666667,1.0
79935,1.0,0.8333333333333334,1.0,1.2
233940,0.9767441860465116,0.8571428571428571,1.0238095238095237,1.1666666666666667
341983,0.9285714285714286,0.76,1.0769230769230769,1.3157894736842106
112169,0.9310344827586207,0.85,1.0740740740740742,1.1764705882352942
233171,0.9655172413793104,0.8181818181818182,1.0357142857142858,1.2222222222222223
121584,0.9545454545454546,0.9411764705882353,1.0476190476190477,1.0625
237385,0.9444444444444444,0.7352941176470589,1.0588235294117647,1.36
56853,1.0,1.0,1.0,1.0
17769,0.8571428571428571,0.7142857142857143,1.1666666666666667,1.4
96350,1.0,0.8695652173913043,1.0,1.15
110794,0.9411764705882353,1.0,1.0625,1.0
22785,0.9523809523809523,0.7666666666666667,1.05,1.3043478260869565
111104,0.9090909090909091,0.9166666666666666,1.1,1.0909090909090908
95147,1.0,0.8823529411764706,1.0,1.1333333333333333
44457,0.9411764705882353,0.85,1.0625,1.1764705882352942
96694,1.0,0.6363636363636364,1.0,1.5714285714285714
109524,0.9444444444444444,0.8333333333333334,1.0588235294117647,1.2
7156,0.9523809523809523,0.8571428571428571,1.05,1.1666666666666667
100232,0.896551724137931,0.6956521739130435,1.1153846153846154,1.4375
90396,0.9459459459459459,0.7777777777777778,1.0571428571428572,1.2857142857142858
193921,0.9375,0.8823529411764706,1.0666666666666667,1.1333333333333333
45860,1.0,0.8181818181818182,1.0,1.2222222222222223
267466,0.8870967741935484,0.6575342465753424,1.1272727272727272,1.5208333333333333
43444,1.0,0.9333333333333333,1.0,1.0714285714285714
244623,1.0,0.7727272727272727,1.0,1.2941176470588236
207812,0.9411764705882353,0.7,1.0625,1.4285714285714286
19915,0.9777777777777777,0.9090909090909091,1.0227272727272727,1.1
190599,0.8888888888888888,0.7419354838709677,1.125,1.3478260869565217
234406,0.9047619047619048,1.0,1.105263157894737,1.0
73447,0.9259259259259259,0.8,1.08,1.25
208416,0.9545454545454546,0.8529411764705882,1.0476190476190477,1.1724137931034482
234641,0.9523809523809523,0.696969696969697,1.05,1.434782608695652
243981,0.8846153846153846,0.9166666666666666,1.1304347826086956,1.0909090909090908
267694,0.96875,0.8076923076923077,1.032258064516129,1.2380952380952381
179875,0.813953488372093,0.6097560975609756,1.2285714285714286,1.64
195575,1.0,0.9615384615384616,1.0,1.04
60405,0.9583333333333334,0.9411764705882353,1.0434782608695652,1.0625
27881,1.0,0.875,1.0,1.1428571428571428
224238,0.9642857142857143,0.9473684210526315,1.037037037037037,1.0555555555555556
41692,0.88,0.9,1.1363636363636365,1.1111111111111112
105537,1.0,0.6956521739130435,1.0,1.4375
22901,0.9333333333333333,0.9375,1.0714285714285714,1.0666666666666667
245322,1.0,0.875,1.0,1.1428571428571428
238597,1.0,0.8787878787878788,1.0,1.1379310344827587
93845,0.8928571428571429,0.9,1.12,1.1111111111111112
79203,0.8947368421052632,0.8928571428571429,1.1176470588235294,1.12
49962,0.9285714285714286,0.6774193548387096,1.0769230769230769,1.4761904761904763
132028,0.8518518518518519,0.9230769230769231,1.173913043478261,1.0833333333333333
78752,0.9705882352941176,0.9375,1.0303030303030303,1.0666666666666667
79356,0.96,0.9615384615384616,1.0416666666666667,1.04
208299,0.92,0.7647058823529411,1.0869565217391304,1.3076923076923077
218757,0.9259259259259259,0.6530612244897959,1.08,1.53125
327282,0.9545454545454546,0.7666666666666667,1.0476190476190477,1.3043478260869565
267092,0.9428571428571428,0.75,1.0606060606060606,1.3333333333333333
71736,0.9583333333333334,0.8125,1.0434782608695652,1.2307692307692308
237009,1.0,0.9285714285714286,1.0,1.0769230769230769
31197,1.0,0.9285714285714286,1.0,1.0769230769230769
215343,0.9354838709677419,0.7419354838709677,1.0689655172413792,1.3478260869565217
252919,0.8837209302325582,0.8333333333333334,1.131578947368421,1.2
244261,0.9032258064516129,0.6111111111111112,1.1071428571428572,1.6363636363636365
131650,1.0,0.8888888888888888,1.0,1.125
125676,0.875,0.8333333333333334,1.1428571428571428,1.2
131936,1.0,0.9444444444444444,1.0,1.0588235294117647
48300,0.9090909090909091,1.0,1.1,1.0
114419,0.9047619047619048,0.9047619047619048,1.105263157894737,1.105263157894737
275620,0.9795918367346939,0.8666666666666667,1.0208333333333333,1.1538461538461537
275267,1.0,0.7575757575757576,1.0,1.32
223885,0.9318181818181818,0.88,1.0731707317073171,1.1363636363636365
244817,0.9047619047619048,0.7083333333333334,1.105263157894737,1.411764705882353
136196,0.9230769230769231,1.0,1.0833333333333333,1.0
245582,0.9523809523809523,0.7857142857142857,1.05,1.2727272727272727
271594,0.95,0.7894736842105263,1.0526315789473684,1.2666666666666666
98505,0.95,0.8947368421052632,1.0526315789473684,1.1176470588235294
270956,1.0,0.8181818181818182,1.0,1.2222222222222223
264446,0.8472222222222222,0.5569620253164557,1.180327868852459,1.7954545454545454
266861,0.9285714285714286,0.6829268292682927,1.0769230769230769,1.4642857142857142
178941,0.8888888888888888,0.7857142857142857,1.125,1.2727272727272727
89747,0.9230769230769231,0.7857142857142857,1.0833333333333333,1.2727272727272727
341763,0.8461538461538461,0.64,1.1818181818181819,1.5625
8404,0.9090909090909091,0.95,1.1,1.0526315789473684
33089,1.0,0.6923076923076923,1.0,1.4444444444444444
74268,0.967741935483871,0.8823529411764706,1.0333333333333334,1.1333333333333333
220809,0.9512195121951219,0.9545454545454546,1.0512820512820513,1.0476190476190477
134252,0.9354838709677419,0.8,1.0689655172413792,1.25
128949,0.9545454545454546,0.9545454545454546,1.0476190476190477,1.0476190476190477
130149,1.0,0.7916666666666666,1.0,1.263157894736842
112029,0.9473684210526315,0.875,1.0555555555555556,1.1428571428571428
98442,1.0,0.9523809523809523,1.0,1.05
262165,0.9183673469387755,0.7837837837837838,1.0888888888888888,1.2758620689655173
22344,1.0,0.9285714285714286,1.0,1.0769230769230769
190726,0.9523809523809523,0.8571428571428571,1.05,1.1666666666666667
24508,1.0,0.8,1.0,1.25
116202,0.9259259259259259,0.7894736842105263,1.08,1.2666666666666666
253709,1.0,0.9,1.0,1.1111111111111112
101513,1.0,0.7666666666666667,1.0,1.3043478260869565
226640,0.8888888888888888,0.85,1.125,1.1764705882352942
244836,1.0,0.9047619047619048,1.0,1.105263157894737
91574,1.0,0.782608695652174,1.0,1.2777777777777777
81707,0.8529411764705882,0.875,1.1724137931034482,1.1428571428571428
24351,0.9629629629629629,0.9090909090909091,1.0384615384615385,1.1
302220,0.8666666666666667,0.7352941176470589,1.1538461538461537,1.36
92521,0.9166666666666666,0.9166666666666666,1.0909090909090908,1.0909090909090908
116221,0.9032258064516129,0.7,1.1071428571428572,1.4285714285714286
86494,0.95,0.9375,1.0526315789473684,1.0666666666666667
220832,0.9642857142857143,0.8461538461538461,1.037037037037037,1.1818181818181819
280584,0.9523809523809523,0.75,1.05,1.3333333333333333
254298,1.0,0.84,1.0,1.1904761904761905
101635,1.0,0.9333333333333333,1.0,1.0714285714285714
192827,0.9555555555555556,0.6538461538461539,1.0465116279069768,1.5294117647058822
11650,0.9666666666666667,0.75,1.0344827586206897,1.3333333333333333
206148,0.95,0.7727272727272727,1.0526315789473684,1.2941176470588236
53766,0.8813559322033898,0.7878787878787878,1.1346153846153846,1.2692307692307692
193514,0.9545454545454546,0.9333333333333333,1.0476190476190477,1.0714285714285714
63956,0.8823529411764706,0.9285714285714286,1.1333333333333333,1.0769230769230769
238023,0.9032258064516129,0.5652173913043478,1.1071428571428572,1.7692307692307692
45184,0.9523809523809523,0.7777777777777778,1.05,1.2857142857142858
81406,0.9523809523809523,1.0,1.05,1.0
118639,0.875,0.7727272727272727,1.1428571428571428,1.2941176470588236
10397,0.9259259259259259,0.78125,1.08,1.28
70280,0.9642857142857143,0.8857142857142857,1.037037037037037,1.1290322580645162
172044,0.9523809523809523,0.8181818181818182,1.05,1.2222222222222223
274917,0.9130434782608695,0.7894736842105263,1.0952380952380953,1.2666666666666666
266396,0.8867924528301887,0.5409836065573771,1.127659574468085,1.8484848484848484
180923,0.8928571428571429,0.7333333333333333,1.12,1.3636363636363635
73360,0.96,0.8,1.0416666666666667,1.25
273510,0.9148936170212766,0.7333333333333333,1.0930232558139534,1.3636363636363635
111881,0.9230769230769231,0.7352941176470589,1.0833333333333333,1.36
112631,0.9473684210526315,0.75,1.0555555555555556,1.3333333333333333
63841,0.95,0.8235294117647058,1.0526315789473684,1.2142857142857142
245926,0.8148148148148148,0.782608695652174,1.2272727272727273,1.2777777777777777
120342,0.9444444444444444,0.9230769230769231,1.0588235294117647,1.0833333333333333
227416,0.975,0.782608695652174,1.0256410256410255,1.2777777777777777
22305,0.9166666666666666,1.0,1.0909090909090908,1.0
110565,0.9583333333333334,0.8064516129032258,1.0434782608695652,1.24
188343,0.9,0.7916666666666666,1.1111111111111112,1.263157894736842
262341,1.0,0.7857142857142857,1.0,1.2727272727272727
25522,1.0,0.9473684210526315,1.0,1.0555555555555556
132476,0.8571428571428571,0.8076923076923077,1.1666666666666667,1.2380952380952381
209869,1.0,0.7058823529411765,1.0,1.4166666666666667
125895,0.8947368421052632,1.0,1.1176470588235294,1.0
201582,0.9333333333333333,0.8421052631578947,1.0714285714285714,1.1875
33170,0.9047619047619048,0.7857142857142857,1.105263157894737,1.2727272727272727
280794,1.0,0.7045454545454546,1.0,1.4193548387096775
244829,0.8888888888888888,0.8947368421052632,1.125,1.1176470588235294
238042,0.9117647058823529,0.5681818181818182,1.096774193548387,1.76
127908,1.0,0.7333333333333333,1.0,1.3636363636363635
75938,0.8928571428571429,0.7368421052631579,1.12,1.3571428571428572
69234,0.9375,1.0,1.0666666666666667,1.0
61557,0.9285714285714286,0.8333333333333334,1.0769230769230769,1.2
52839,0.9375,0.8636363636363636,1.0666666666666667,1.1578947368421053
342407,1.0,0.9090909090909091,1.0,1.1
219460,0.8666666666666667,0.8275862068965517,1.1538461538461537,1.2083333333333333
136215,1.0,0.6190476190476191,1.0,1.6153846153846154
58097,1.0,0.8461538461538461,1.0,1.1818181818181819
259857,0.95,0.9285714285714286,1.0526315789473684,1.0769230769230769
223883,0.9545454545454546,1.0,1.0476190476190477,1.0
53609,1.0,0.8928571428571429,1.0,1.12
219620,0.9642857142857143,0.75,1.037037037037037,1.3333333333333333
122842,0.8888888888888888,0.8,1.125,1.25
224869,1.0,0.7037037037037037,1.0,1.4210526315789473
58795,0.9615384615384616,0.9444444444444444,1.04,1.0588235294117647
43371,0.8888888888888888,0.9230769230769231,1.125,1.0833333333333333
29920,1.0,0.9090909090909091,1.0,1.1
254427,0.918918918918919,0.8387096774193549,1.088235294117647,1.1923076923076923
107551,0.8947368421052632,0.6222222222222222,1.1176470588235294,1.6071428571428572
238683,0.875,0.9166666666666666,1.1428571428571428,1.0909090909090908
128752,1.0,0.76,1.0,1.3157894736842106
192978,0.926829268292683,0.7096774193548387,1.0789473684210527,1.4090909090909092
110983,0.8571428571428571,0.9333333333333333,1.1666666666666667,1.0714285714285714
101851,0.9,0.6829268292682927,1.1111111111111112,1.4642857142857142
306700,0.9444444444444444,0.8095238095238095,1.0588235294117647,1.2352941176470589
88245,0.9285714285714286,0.8947368421052632,1.0769230769230769,1.1176470588235294
17874,0.9285714285714286,0.7857142857142857,1.0769230769230769,1.2727272727272727
83119,1.0,0.8888888888888888,1.0,1.125
46615,0.9090909090909091,0.7857142857142857,1.1,1.2727272727272727
69824,0.9285714285714286,1.0,1.0769230769230769,1.0
81563,0.8947368421052632,0.9047619047619048,1.1176470588235294,1.105263157894737
57618,0.9565217391304348,1.0,1.0454545454545454,1.0
367576,0.9047619047619048,0.8787878787878788,1.105263157894737,1.1379310344827587
135658,0.9393939393939394,0.75,1.064516129032258,1.3333333333333333
236306,1.0,0.9333333333333333,1.0,1.0714285714285714
30171,0.972972972972973,0.5757575757575758,1.0277777777777777,1.736842105263158
273250,0.9473684210526315,0.8292682926829268,1.0555555555555556,1.2058823529411764
69307,0.8214285714285714,0.7692307692307693,1.2173913043478262,1.3
92496,0.8333333333333334,1.0,1.2,1.0
23289,0.9333333333333333,0.7222222222222222,1.0714285714285714,1.3846153846153846
35934,0.88,0.71875,1.1363636363636365,1.391304347826087
229296,0.9714285714285714,0.9166666666666666,1.0294117647058822,1.0909090909090908
227556,0.8636363636363636,0.8571428571428571,1.1578947368421053,1.1666666666666667
60308,0.9,0.8666666666666667,1.1111111111111112,1.1538461538461537
280951,1.0,0.7419354838709677,1.0,1.3478260869565217
230252,0.8571428571428571,0.9166666666666666,1.1666666666666667,1.0909090909090908
128258,0.9375,0.85,1.0666666666666667,1.1764705882352942
29044,1.0,0.8235294117647058,1.0,1.2142857142857142
100178,0.9285714285714286,0.8636363636363636,1.0769230769230769,1.1578947368421053
224325,0.9230769230769231,1.0,1.0833333333333333,1.0
61277,0.9090909090909091,0.9333333333333333,1.1,1.0714285714285714
268836,0.9534883720930233,0.8333333333333334,1.048780487804878,1.2
46495,0.8888888888888888,0.9473684210526315,1.125,1.0555555555555556
18938,0.8909090909090909,0.6285714285714286,1.1224489795918366,1.5909090909090908
48019,0.8888888888888888,0.75,1.125,1.3333333333333333
78577,1.0,0.8571428571428571,1.0,1.1666666666666667
178163,0.9032258064516129,0.6086956521739131,1.1071428571428572,1.6428571428571428
88797,0.9473684210526315,0.5789473684210527,1.0555555555555556,1.7272727272727273
222605,0.96875,0.7741935483870968,1.032258064516129,1.2916666666666667
126872,0.9,0.9333333333333333,1.1111111111111112,1.0714285714285714
294178,1.0,0.5666666666666667,1.0,1.7647058823529411
370050,1.0,0.7777777777777778,1.0,1.2857142857142858
224370,0.7931034482758621,0.75,1.2608695652173914,1.3333333333333333
80627,0.9130434782608695,0.8695652173913043,1.0952380952380953,1.15
87163,0.9523809523809523,0.8333333333333334,1.05,1.2
270439,0.9285714285714286,1.0,1.0769230769230769,1.0
198112,0.8571428571428571,0.7272727272727273,1.1666666666666667,1.375
45175,0.8947368421052632,0.95,1.1176470588235294,1.0526315789473684
37462,1.0,0.85,1.0,1.1764705882352942
91844,0.9230769230769231,0.9411764705882353,1.0833333333333333,1.0625
59673,0.8928571428571429,0.9166666666666666,1.12,1.0909090909090908
258802,1.0,0.8695652173913043,1.0,1.15
218708,0.9285714285714286,0.8076923076923077,1.0769230769230769,1.2380952380952381
93116,1.0,0.8181818181818182,1.0,1.2222222222222223
19850,0.8928571428571429,0.8666666666666667,1.12,1.1538461538461537
121427,0.8823529411764706,0.8095238095238095,1.1333333333333333,1.2352941176470589
10223,0.9230769230769231,0.6896551724137931,1.0833333333333333,1.45
48219,0.9230769230769231,1.0,1.0833333333333333,1.0
109909,1.0,0.9285714285714286,1.0,1.0769230769230769
126542,0.8571428571428571,0.9444444444444444,1.1666666666666667,1.0588235294117647
96595,0.8823529411764706,0.631578947368421,1.1333333333333333,1.5833333333333333
137920,0.9333333333333333,1.0,1.0714285714285714,1.0
188815,0.96,1.0,1.0416666666666667,1.0
21137,1.0,0.8,1.0,1.25
266938,0.9245283018867925,0.625,1.0816326530612246,1.6
248024,0.8823529411764706,0.9411764705882353,1.1333333333333333,1.0625
52160,0.9,0.8571428571428571,1.1111111111111112,1.1666666666666667
242166,0.9354838709677419,0.8695652173913043,1.0689655172413792,1.15
191941,0.9705882352941176,0.85,1.0303030303030303,1.1764705882352942
34640,0.9024390243902439,0.7647058823529411,1.1081081081081081,1.3076923076923077
110543,1.0,0.8,1.0,1.25
268536,0.9629629629629629,0.5454545454545454,1.0384615384615385,1.8333333333333333
91166,0.8648648648648649,0.625,1.15625,1.6
213207,0.9545454545454546,0.7647058823529411,1.0476190476190477,1.3076923076923077
101733,0.9615384615384616,0.8695652173913043,1.04,1.15
265959,0.9090909090909091,0.7307692307692307,1.1,1.368421052631579
24602,0.9523809523809523,1.0,1.05,1.0
79858,0.9230769230769231,0.7083333333333334,1.0833333333333333,1.411764705882353
42426,0.9565217391304348,0.75,1.0454545454545454,1.3333333333333333
186631,1.0,0.7647058823529411,1.0,1.3076923076923077
256976,0.96,1.0,1.0416666666666667,1.0
130456,0.9230769230769231,0.9444444444444444,1.0833333333333333,1.0588235294117647
236108,0.8863636363636364,0.7567567567567568,1.1282051282051282,1.3214285714285714
110690,0.9047619047619048,0.8666666666666667,1.105263157894737,1.1538461538461537
243646,0.9615384615384616,0.7575757575757576,1.04,1.32
284673,0.9545454545454546,0.825,1.0476190476190477,1.2121212121212122
270628,0.8955223880597015,0.6103896103896104,1.1166666666666667,1.6382978723404256
266852,0.9230769230769231,0.8695652173913043,1.0833333333333333,1.15
279373,0.9117647058823529,0.7407407407407407,1.096774193548387,1.35
22880,0.9583333333333334,0.7391304347826086,1.0434782608695652,1.3529411764705883
24504,0.8333333333333334,0.75,1.2,1.3333333333333333
79644,0.9444444444444444,0.8333333333333334,1.0588235294117647,1.2
273314,1.0,0.9,1.0,1.1111111111111112
172060,0.8333333333333334,0.9545454545454546,1.2,1.0476190476190477
210555,0.9583333333333334,0.7894736842105263,1.0434782608695652,1.2666666666666666
186643,0.8529411764705882,0.9130434782608695,1.1724137931034482,1.0952380952380953
244180,0.95,0.7368421052631579,1.0526315789473684,1.3571428571428572
220134,0.9,0.6666666666666666,1.1111111111111112,1.5
84772,0.8888888888888888,0.8235294117647058,1.125,1.2142857142857142
257045,0.9166666666666666,0.875,1.0909090909090908,1.1428571428571428
243056,1.0,0.6666666666666666,1.0,1.5
176266,0.8666666666666667,0.75,1.1538461538461537,1.3333333333333333
60428,1.0,0.7941176470588235,1.0,1.2592592592592593
69870,1.0,0.9473684210526315,1.0,1.0555555555555556
257277,0.9512195121951219,0.8181818181818182,1.0512820512820513,1.2222222222222223
234046,0.9069767441860465,0.84375,1.1025641025641026,1.1851851851851851
102213,0.9032258064516129,0.7407407407407407,1.1071428571428572,1.35
125698,1.0,0.875,1.0,1.1428571428571428
94481,0.9090909090909091,1.0,1.1,1.0
24202,0.9444444444444444,0.8181818181818182,1.0588235294117647,1.2222222222222223
206049,0.8571428571428571,0.9473684210526315,1.1666666666666667,1.0555555555555556
219350,0.9166666666666666,0.6764705882352942,1.0909090909090908,1.4782608695652173
34346,0.8888888888888888,0.6923076923076923,1.125,1.4444444444444444
96058,0.926829268292683,0.7647058823529411,1.0789473684210527,1.3076923076923077
125730,0.9705882352941176,0.7435897435897436,1.0303030303030303,1.3448275862068966
197778,0.918918918918919,0.8571428571428571,1.088235294117647,1.1666666666666667
25640,1.0,0.8461538461538461,1.0,1.1818181818181819
70299,1.0,0.7647058823529411,1.0,1.3076923076923077
252097,0.9411764705882353,0.76,1.0625,1.3157894736842106
216030,1.0,0.9411764705882353,1.0,1.0625
286943,0.9230769230769231,0.7083333333333334,1.0833333333333333,1.411764705882353
97095,0.9411764705882353,0.8421052631578947,1.0625,1.1875
267799,0.9230769230769231,0.8809523809523809,1.0833333333333333,1.135135135135135
112604,1.0,0.7916666666666666,1.0,1.263157894736842
197232,0.96,0.8235294117647058,1.0416666666666667,1.2142857142857142
216831,0.8888888888888888,0.7142857142857143,1.125,1.4
224648,0.9487179487179487,0.782608695652174,1.054054054054054,1.2777777777777777
50306,1.0,0.8571428571428571,1.0,1.1666666666666667
96106,0.9333333333333333,0.8823529411764706,1.0714285714285714,1.1333333333333333
60983,0.9166666666666666,0.9,1.0909090909090908,1.1111111111111112
137455,0.9130434782608695,0.76,1.0952380952380953,1.3157894736842106
15837,0.7647058823529411,0.8666666666666667,1.3076923076923077,1.1538461538461537
37459,1.0,0.9166666666666666,1.0,1.0909090909090908
90986,0.8387096774193549,0.9615384615384616,1.1923076923076923,1.04
212532,1.0,0.8125,1.0,1.2307692307692308
236696,0.9285714285714286,0.85,1.0769230769230769,1.1764705882352942
125726,0.95,0.6875,1.0526315789473684,1.4545454545454546
201497,0.9393939393939394,0.9090909090909091,1.064516129032258,1.1
255408,0.9375,1.0,1.0666666666666667,1.0
367506,0.88,0.9090909090909091,1.1363636363636365,1.1
193093,0.9583333333333334,0.96,1.0434782608695652,1.0416666666666667
76104,0.9333333333333333,0.7222222222222222,1.0714285714285714,1.3846153846153846
118371,0.9333333333333333,0.9411764705882353,1.0714285714285714,1.0625
46618,1.0,1.0,1.0,1.0
36164,0.8709677419354839,0.8214285714285714,1.1481481481481481,1.2173913043478262
104741,0.9285714285714286,1.0,1.0769230769230769,1.0
43428,1.0,0.8888888888888888,1.0,1.125
238803,0.78125,0.6857142857142857,1.28,1.4583333333333333
22335,0.92,0.7894736842105263,1.0869565217391304,1.2666666666666666
114016,0.8636363636363636,0.8947368421052632,1.1578947368421053,1.1176470588235294
38387,0.9545454545454546,0.5555555555555556,1.0476190476190477,1.8
43469,0.8620689655172413,0.75,1.16,1.3333333333333333
106077,0.8928571428571429,0.7619047619047619,1.12,1.3125
75393,0.9565217391304348,0.7,1.0454545454545454,1.4285714285714286
219775,0.9545454545454546,0.782608695652174,1.0476190476190477,1.2777777777777777
278474,1.0,0.95,1.0,1.0526315789473684
74870,0.9375,0.7083333333333334,1.0666666666666667,1.411764705882353
100446,1.0,0.7222222222222222,1.0,1.3846153846153846
100961,1.0,0.7,1.0,1.4285714285714286
45676,1.0,1.0,1.0,1.0
116461,0.9090909090909091,0.7297297297297297,1.1,1.3703703703703705
92533,1.0,1.0,1.0,1.0
112903,0.9259259259259259,0.6818181818181818,1.08,1.4666666666666666
83310,0.8275862068965517,0.96,1.2083333333333333,1.0416666666666667
215259,0.9411764705882353,0.8,1.0625,1.25
200941,0.8947368421052632,0.8076923076923077,1.1176470588235294,1.2380952380952381
113369,0.8928571428571429,0.7619047619047619,1.12,1.3125
21285,1.0,0.96,1.0,1.0416666666666667
201005,0.8571428571428571,0.9333333333333333,1.1666666666666667,1.0714285714285714
188122,0.9523809523809523,0.8695652173913043,1.05,1.15
224292,1.0,0.7894736842105263,1.0,1.2666666666666666
19573,1.0,0.75,1.0,1.3333333333333333
213375,0.9259259259259259,0.8076923076923077,1.08,1.2380952380952381
207118,0.9090909090909091,0.8,1.1,1.25
255205,0.975,0.6470588235294118,1.0256410256410255,1.5454545454545454
50444,0.9523809523809523,0.9,1.05,1.1111111111111112
28006,0.9714285714285714,0.7105263157894737,1.0294117647058822,1.4074074074074074
103311,0.92,0.8461538461538461,1.0869565217391304,1.1818181818181819
239235,0.8214285714285714,0.8333333333333334,1.2173913043478262,1.2
57294,1.0,0.9444444444444444,1.0,1.0588235294117647
206376,0.9166666666666666,0.8571428571428571,1.0909090909090908,1.1666666666666667
274073,0.9393939393939394,0.9032258064516129,1.064516129032258,1.1071428571428572
52067,1.0,0.7105263157894737,1.0,1.4074074074074074
229090,0.8837209302325582,0.6666666666666666,1.131578947368421,1.5
140315,1.0,0.9473684210526315,1.0,1.0555555555555556
21727,1.0,0.8,1.0,1.25
247382,0.8809523809523809,0.9230769230769231,1.135135135135135,1.0833333333333333
251826,0.9090909090909091,0.8695652173913043,1.1,1.15
190743,0.9444444444444444,0.7692307692307693,1.0588235294117647,1.3
271598,0.8979591836734694,0.5769230769230769,1.1136363636363635,1.7333333333333334
40260,0.859375,0.6794871794871795,1.1636363636363636,1.471698113207547
234587,0.9024390243902439,0.7586206896551724,1.1081081081081081,1.3181818181818181
46592,0.9583333333333334,0.8666666666666667,1.0434782608695652,1.1538461538461537
172075,0.9411764705882353,0.85,1.0625,1.1764705882352942
51224,0.84,0.6470588235294118,1.1904761904761905,1.5454545454545454
298459,1.0,0.9333333333333333,1.0,1.0714285714285714
245243,0.9393939393939394,0.696969696969697,1.064516129032258,1.434782608695652
60037,0.9705882352941176,0.8571428571428571,1.0303030303030303,1.1666666666666667
213327,0.8947368421052632,0.8095238095238095,1.1176470588235294,1.2352941176470589
342197,0.8,0.9285714285714286,1.25,1.0769230769230769
231025,0.9230769230769231,0.6071428571428571,1.0833333333333333,1.6470588235294117
46503,0.9666666666666667,0.8947368421052632,1.0344827586206897,1.1176470588235294
97992,1.0,0.7692307692307693,1.0,1.3
184784,1.0,1.0,1.0,1.0
59712,0.9393939393939394,0.6956521739130435,1.064516129032258,1.4375
128763,0.9411764705882353,0.9375,1.0625,1.0666666666666667
167521,0.9615384615384616,0.9166666666666666,1.04,1.0909090909090908
57295,1.0,1.0,1.0,1.0
66505,0.7941176470588235,0.8928571428571429,1.2592592592592593,1.12
98649,0.8620689655172413,0.6428571428571429,1.16,1.5555555555555556
223338,0.9411764705882353,0.9230769230769231,1.0625,1.0833333333333333
243338,0.9285714285714286,0.78125,1.0769230769230769,1.28
119397,0.9375,0.8571428571428571,1.0666666666666667,1.1666666666666667
258672,0.8888888888888888,0.75,1.125,1.3333333333333333
238624,1.0,0.6818181818181818,1.0,1.4666666666666666
237363,1.0,0.6896551724137931,1.0,1.45
251251,0.9285714285714286,0.8148148148148148,1.0769230769230769,1.2272727272727273
90667,0.7916666666666666,0.9523809523809523,1.263157894736842,1.05
238039,0.9259259259259259,0.9230769230769231,1.08,1.0833333333333333
232464,0.9642857142857143,0.782608695652174,1.037037037037037,1.2777777777777777
97076,0.8378378378378378,0.8214285714285714,1.1935483870967742,1.2173913043478262
263889,0.972972972972973,0.8571428571428571,1.0277777777777777,1.1666666666666667
277991,0.84,0.6578947368421053,1.1904761904761905,1.52
74447,0.9259259259259259,0.84,1.08,1.1904761904761905
127470,1.0,0.8571428571428571,1.0,1.1666666666666667
105507,0.9411764705882353,0.7619047619047619,1.0625,1.3125
80566,0.9565217391304348,0.8888888888888888,1.0454545454545454,1.125
273207,1.0,1.0,1.0,1.0
76819,1.0,0.9375,1.0,1.0666666666666667
136416,0.896551724137931,0.8214285714285714,1.1153846153846154,1.2173913043478262
225768,1.0,0.6857142857142857,1.0,1.4583333333333333
27886,1.0,0.8461538461538461,1.0,1.1818181818181819
72385,0.9655172413793104,0.68,1.0357142857142858,1.4705882352941178
224271,0.92,0.8214285714285714,1.0869565217391304,1.2173913043478262
196364,0.9166666666666666,0.7272727272727273,1.0909090909090908,1.375
101747,0.9375,0.7647058823529411,1.0666666666666667,1.3076923076923077
133888,0.9583333333333334,0.8636363636363636,1.0434782608695652,1.1578947368421053
172048,1.0,0.7333333333333333,1.0,1.3636363636363635
294226,1.0,0.8181818181818182,1.0,1.2222222222222223
221104,0.8888888888888888,0.6956521739130435,1.125,1.4375
91276,0.8787878787878788,0.8947368421052632,1.1379310344827587,1.1176470588235294
100367,0.9411764705882353,0.8461538461538461,1.0625,1.1818181818181819
252998,1.0,0.9444444444444444,1.0,1.0588235294117647
233389,0.8823529411764706,0.875,1.1333333333333333,1.1428571428571428
92331,0.9655172413793104,0.76,1.0357142857142858,1.3157894736842106
56276,0.8888888888888888,0.7307692307692307,1.125,1.368421052631579
176541,0.9047619047619048,0.9333333333333333,1.105263157894737,1.0714285714285714
201980,0.9047619047619048,0.8571428571428571,1.105263157894737,1.1666666666666667
22649,0.9130434782608695,0.7647058823529411,1.0952380952380953,1.3076923076923077
60351,0.9130434782608695,0.7727272727272727,1.0952380952380953,1.2941176470588236
60328,0.9583333333333334,0.7894736842105263,1.0434782608695652,1.2666666666666666
98636,0.9523809523809523,1.0,1.05,1.0
22821,0.8695652173913043,0.7,1.15,1.4285714285714286
127622,0.9166666666666666,0.8181818181818182,1.0909090909090908,1.2222222222222223
84670,1.0,0.8695652173913043,1.0,1.15
26110,0.9333333333333333,0.8947368421052632,1.0714285714285714,1.1176470588235294
106941,0.9375,1.0,1.0666666666666667,1.0
15138,0.9375,0.8461538461538461,1.0666666666666667,1.1818181818181819
229903,0.9285714285714286,0.7692307692307693,1.0769230769230769,1.3
251417,0.92,1.0,1.0869565217391304,1.0
233356,1.0,0.8235294117647058,1.0,1.2142857142857142
267278,0.9743589743589743,0.6176470588235294,1.0263157894736843,1.619047619047619
270254,0.8918918918918919,0.8421052631578947,1.121212121212121,1.1875
102168,1.0,0.6190476190476191,1.0,1.6153846153846154
231453,1.0,0.9,1.0,1.1111111111111112
257771,1.0,0.7037037037037037,1.0,1.4210526315789473
33272,0.9473684210526315,0.9411764705882353,1.0555555555555556,1.0625
126505,0.9428571428571428,0.8214285714285714,1.0606060606060606,1.2173913043478262
122602,0.9,0.8181818181818182,1.1111111111111112,1.2222222222222223
24157,0.9130434782608695,0.76,1.0952380952380953,1.3157894736842106
41026,0.9047619047619048,0.7894736842105263,1.105263157894737,1.2666666666666666
206179,0.96,1.0,1.0416666666666667,1.0
159031,0.896551724137931,0.8260869565217391,1.1153846153846154,1.2105263157894737
194625,0.9230769230769231,0.9310344827586207,1.0833333333333333,1.0740740740740742
60402,0.85,0.8461538461538461,1.1764705882352942,1.1818181818181819
105906,0.8571428571428571,0.8181818181818182,1.1666666666666667,1.2222222222222223
93839,1.0,0.8461538461538461,1.0,1.1818181818181819
130448,1.0,1.0,1.0,1.0
248837,0.8666666666666667,0.8695652173913043,1.1538461538461537,1.15
129733,0.95,0.6666666666666666,1.0526315789473684,1.5
34989,0.8421052631578947,0.6938775510204082,1.1875,1.4411764705882353
121358,0.9761904761904762,0.8387096774193549,1.024390243902439,1.1923076923076923
229637,1.0,0.88,1.0,1.1363636363636365
246789,0.967741935483871,0.7307692307692307,1.0333333333333334,1.368421052631579
28191,0.9629629629629629,0.7241379310344828,1.0384615384615385,1.380952380952381
268127,0.8461538461538461,0.7272727272727273,1.1818181818181819,1.375
33312,0.96,0.7857142857142857,1.0416666666666667,1.2727272727272727
224498,0.9047619047619048,0.6,1.105263157894737,1.6666666666666667
221153,0.8571428571428571,0.8235294117647058,1.1666666666666667,1.2142857142857142
272375,0.9444444444444444,0.7391304347826086,1.0588235294117647,1.3529411764705883
250430,0.8823529411764706,0.8421052631578947,1.1333333333333333,1.1875
46663,0.9130434782608695,0.7916666666666666,1.0952380952380953,1.263157894736842
248400,0.9696969696969697,0.9166666666666666,1.03125,1.0909090909090908
110766,0.9090909090909091,0.7058823529411765,1.1,1.4166666666666667
204792,0.8333333333333334,0.59375,1.2,1.6842105263157894
89184,0.9285714285714286,0.85,1.0769230769230769,1.1764705882352942
46604,0.9285714285714286,0.85,1.0769230769230769,1.1764705882352942
133201,0.9444444444444444,0.92,1.0588235294117647,1.0869565217391304
83859,0.92,0.7692307692307693,1.0869565217391304,1.3
298774,0.8181818181818182,0.7,1.2222222222222223,1.4285714285714286
112674,1.0,0.6666666666666666,1.0,1.5
224772,0.9761904761904762,0.7272727272727273,1.024390243902439,1.375
233939,0.875,0.9583333333333334,1.1428571428571428,1.0434782608695652
246798,1.0,0.6666666666666666,1.0,1.5
49073,0.9354838709677419,0.8095238095238095,1.0689655172413792,1.2352941176470589
57598,1.0,0.8214285714285714,1.0,1.2173913043478262
53233,1.0,0.7241379310344828,1.0,1.380952380952381
158855,1.0,1.0,1.0,1.0
73449,0.9705882352941176,1.0,1.0303030303030303,1.0
28182,1.0,0.6666666666666666,1.0,1.5
270665,0.9310344827586207,0.75,1.0740740740740742,1.3333333333333333
57231,0.9259259259259259,0.875,1.08,1.1428571428571428
81371,0.9411764705882353,0.7727272727272727,1.0625,1.2941176470588236
288766,0.9512195121951219,0.6363636363636364,1.0512820512820513,1.5714285714285714
95205,1.0,1.0,1.0,1.0
84924,0.9523809523809523,0.782608695652174,1.05,1.2777777777777777
52068,0.96,0.7380952380952381,1.0416666666666667,1.3548387096774193
59302,0.9230769230769231,0.9090909090909091,1.0833333333333333,1.1
121759,0.9615384615384616,0.7777777777777778,1.04,1.2857142857142858
12812,0.9,0.7368421052631579,1.1111111111111112,1.3571428571428572
208592,0.9,0.8421052631578947,1.1111111111111112,1.1875
102424,1.0,0.7727272727272727,1.0,1.2941176470588236
82666,0.9333333333333333,0.9285714285714286,1.0714285714285714,1.0769230769230769
270449,1.0,1.0,1.0,1.0
125708,0.9545454545454546,0.7857142857142857,1.0476190476190477,1.2727272727272727
127539,0.9285714285714286,1.0,1.0769230769230769,1.0
91252,0.9333333333333333,0.9130434782608695,1.0714285714285714,1.0952380952380953
206051,1.0,0.7777777777777778,1.0,1.2857142857142858
251646,0.9444444444444444,1.0,1.0588235294117647,1.0
228925,0.9333333333333333,0.8,1.0714285714285714,1.25
50307,0.9642857142857143,0.95,1.037037037037037,1.0526315789473684
62438,0.9047619047619048,0.7272727272727273,1.105263157894737,1.375
135623,0.9166666666666666,0.6896551724137931,1.0909090909090908,1.45
219605,0.7307692307692307,0.7727272727272727,1.368421052631579,1.2941176470588236
255852,0.9629629629629629,0.7692307692307693,1.0384615384615385,1.3
106037,0.96,0.6842105263157895,1.0416666666666667,1.4615384615384615
225770,0.9230769230769231,0.9166666666666666,1.0833333333333333,1.0909090909090908
72017,0.9333333333333333,0.8666666666666667,1.0714285714285714,1.1538461538461537
102408,0.9090909090909091,0.85,1.1,1.1764705882352942
180971,0.8461538461538461,0.9545454545454546,1.1818181818181819,1.0476190476190477
196665,0.9375,0.6333333333333333,1.0666666666666667,1.5789473684210527
55156,0.8888888888888888,0.8,1.125,1.25
36060,1.0,0.75,1.0,1.3333333333333333
128059,0.9111111111111111,0.64,1.0975609756097562,1.5625
238063,0.8387096774193549,0.7058823529411765,1.1923076923076923,1.4166666666666667
96179,1.0,0.9047619047619048,1.0,1.105263157894737
96361,1.0,0.6666666666666666,1.0,1.5
93843,0.9583333333333334,0.76,1.0434782608695652,1.3157894736842106
98513,0.9411764705882353,0.9,1.0625,1.1111111111111112
50453,1.0,0.9,1.0,1.1111111111111112
114006,0.9310344827586207,0.6470588235294118,1.0740740740740742,1.5454545454545454
91996,0.92,0.6470588235294118,1.0869565217391304,1.5454545454545454
207964,0.9444444444444444,0.9375,1.0588235294117647,1.0666666666666667
43456,1.0,0.9523809523809523,1.0,1.05
274185,0.9,0.7368421052631579,1.1111111111111112,1.3571428571428572
225416,1.0,0.9230769230769231,1.0,1.0833333333333333
53742,0.9130434782608695,0.5862068965517241,1.0952380952380953,1.7058823529411764
94532,1.0,0.8571428571428571,1.0,1.1666666666666667
129728,0.9375,0.9444444444444444,1.0666666666666667,1.0588235294117647
96700,0.9545454545454546,0.9565217391304348,1.0476190476190477,1.0454545454545454
282586,0.9032258064516129,0.7241379310344828,1.1071428571428572,1.380952380952381
245497,0.9444444444444444,0.8947368421052632,1.0588235294117647,1.1176470588235294
238858,1.0,1.0,1.0,1.0
172050,0.8888888888888888,0.8823529411764706,1.125,1.1333333333333333
207867,0.9,0.9285714285714286,1.1111111111111112,1.0769230769230769
115134,0.875,1.0,1.1428571428571428,1.0
112425,0.9428571428571428,0.7407407407407407,1.0606060606060606,1.35
272838,0.9032258064516129,0.8695652173913043,1.1071428571428572,1.15
247764,0.8888888888888888,0.9615384615384616,1.125,1.04
140293,0.9130434782608695,0.875,1.0952380952380953,1.1428571428571428
49417,0.8723404255319149,0.6666666666666666,1.146341463414634,1.5
95388,0.9565217391304348,0.875,1.0454545454545454,1.1428571428571428
222510,0.9130434782608695,1.0,1.0952380952380953,1.0
247538,0.95,0.8666666666666667,1.0526315789473684,1.1538461538461537
193924,1.0,1.0,1.0,1.0
247108,0.9523809523809523,0.9,1.05,1.1111111111111112
89835,0.9705882352941176,0.7142857142857143,1.0303030303030303,1.4
128600,0.9444444444444444,0.9444444444444444,1.0588235294117647,1.0588235294117647
101281,0.9444444444444444,0.8666666666666667,1.0588235294117647,1.1538461538461537
188062,0.967741935483871,0.7368421052631579,1.0333333333333334,1.3571428571428572
199227,0.9375,1.0,1.0666666666666667,1.0
96377,0.8928571428571429,0.9047619047619048,1.12,1.105263157894737
38374,0.9666666666666667,0.8333333333333334,1.0344827586206897,1.2
187033,1.0,0.9444444444444444,1.0,1.0588235294117647
252912,0.9310344827586207,0.775,1.0740740740740742,1.2903225806451613
219627,0.9090909090909091,0.64,1.1,1.5625
95887,0.9333333333333333,1.0,1.0714285714285714,1.0
238100,0.88,0.8,1.1363636363636365,1.25
323217,0.92,0.68,1.0869565217391304,1.4705882352941178
221740,1.0,0.92,1.0,1.0869565217391304
114845,0.88,0.5185185185185185,1.1363636363636365,1.9285714285714286
238545,0.972972972972973,0.6875,1.0277777777777777,1.4545454545454546
181978,0.9310344827586207,0.7878787878787878,1.0740740740740742,1.2692307692307692
33436,0.8333333333333334,0.9230769230769231,1.2,1.0833333333333333
119348,0.9534883720930233,0.7941176470588235,1.048780487804878,1.2592592592592593
10124,0.8461538461538461,0.8333333333333334,1.1818181818181819,1.2
219310,0.84,0.9565217391304348,1.1904761904761905,1.0454545454545454
258654,0.967741935483871,0.76,1.0333333333333334,1.3157894736842106
114624,0.9444444444444444,0.8333333333333334,1.0588235294117647,1.2
221137,0.9444444444444444,1.0,1.0588235294117647,1.0
31392,1.0,0.8571428571428571,1.0,1.1666666666666667
208465,0.8095238095238095,0.9523809523809523,1.2352941176470589,1.05
194299,0.9523809523809523,0.8846153846153846,1.05,1.1304347826086956
23656,0.95,0.8148148148148148,1.0526315789473684,1.2272727272727273
94439,0.95,0.95,1.0526315789473684,1.0526315789473684
261326,0.8,1.0,1.25,1.0
193894,0.8620689655172413,0.75,1.16,1.3333333333333333
81538,0.9285714285714286,0.9411764705882353,1.0769230769230769,1.0625
192799,0.9642857142857143,0.7837837837837838,1.037037037037037,1.2758620689655173
205268,1.0,0.8571428571428571,1.0,1.1666666666666667
106973,0.9130434782608695,0.7692307692307693,1.0952380952380953,1.3
31474,0.9032258064516129,0.84,1.1071428571428572,1.1904761904761905
267255,0.967741935483871,0.6923076923076923,1.0333333333333334,1.4444444444444444
211875,0.9473684210526315,0.9285714285714286,1.0555555555555556,1.0769230769230769
245276,1.0,0.8666666666666667,1.0,1.1538461538461537
43342,0.95,0.9285714285714286,1.0526315789473684,1.0769230769230769
273539,0.8947368421052632,0.8260869565217391,1.1176470588235294,1.2105263157894737
267354,0.9444444444444444,0.6875,1.0588235294117647,1.4545454545454546
224649,1.0,0.6785714285714286,1.0,1.4736842105263157
240915,1.0,0.8947368421052632,1.0,1.1176470588235294
112223,0.9285714285714286,0.9411764705882353,1.0769230769230769,1.0625
260011,1.0,0.7272727272727273,1.0,1.375
218912,1.0,0.72,1.0,1.3888888888888888
259260,0.9117647058823529,0.5897435897435898,1.096774193548387,1.6956521739130435
99331,0.9473684210526315,0.9333333333333333,1.0555555555555556,1.0714285714285714
223431,1.0,0.6666666666666666,1.0,1.5
44780,0.9545454545454546,0.8095238095238095,1.0476190476190477,1.2352941176470589
268258,0.95,0.6785714285714286,1.0526315789473684,1.4736842105263157
21844,0.875,0.8181818181818182,1.1428571428571428,1.2222222222222223
255226,0.9696969696969697,0.7714285714285715,1.03125,1.2962962962962963
238060,0.9024390243902439,0.75,1.1081081081081081,1.3333333333333333
136234,1.0,0.7307692307692307,1.0,1.368421052631579
204378,0.8947368421052632,0.7058823529411765,1.1176470588235294,1.4166666666666667
209758,0.9615384615384616,0.8076923076923077,1.04,1.2380952380952381
259470,0.90625,0.8695652173913043,1.103448275862069,1.15
30858,0.96,0.5555555555555556,1.0416666666666667,1.8
206606,0.967741935483871,0.6666666666666666,1.0333333333333334,1.5
239180,0.8333333333333334,0.9411764705882353,1.2,1.0625
108793,0.9230769230769231,0.6206896551724138,1.0833333333333333,1.6111111111111112
110003,1.0,0.8,1.0,1.25
17811,0.9565217391304348,1.0,1.0454545454545454,1.0
123986,0.9523809523809523,0.8214285714285714,1.05,1.2173913043478262
257534,1.0,0.8333333333333334,1.0,1.2
45186,0.9583333333333334,0.9,1.0434782608695652,1.1111111111111112
59333,0.8947368421052632,0.72,1.1176470588235294,1.3888888888888888
126831,1.0,0.7647058823529411,1.0,1.3076923076923077
101708,0.9,0.9473684210526315,1.1111111111111112,1.0555555555555556
50302,0.9130434782608695,0.8947368421052632,1.0952380952380953,1.1176470588235294
273531,0.9,0.926829268292683,1.1111111111111112,1.0789473684210527
189856,0.9210526315789473,0.71875,1.0857142857142856,1.391304347826087
97908,0.9285714285714286,0.9473684210526315,1.0769230769230769,1.0555555555555556
241629,0.875,0.92,1.1428571428571428,1.0869565217391304
292277,0.9545454545454546,0.9,1.0476190476190477,1.1111111111111112
282985,0.918918918918919,0.6774193548387096,1.088235294117647,1.4761904761904763
40367,0.8444444444444444,0.75,1.1842105263157894,1.3333333333333333
273171,0.96875,0.7586206896551724,1.032258064516129,1.3181818181818181
79925,0.9117647058823529,0.6,1.096774193548387,1.6666666666666667
210098,0.875,0.7777777777777778,1.1428571428571428,1.2857142857142858
245207,0.8888888888888888,0.9210526315789473,1.125,1.0857142857142856
7155,0.875,0.8947368421052632,1.1428571428571428,1.1176470588235294
261052,0.9090909090909091,0.7741935483870968,1.1,1.2916666666666667
108146,1.0,0.7857142857142857,1.0,1.2727272727272727
220550,0.9411764705882353,0.9354838709677419,1.0625,1.0689655172413792
21696,0.9230769230769231,0.9473684210526315,1.0833333333333333,1.0555555555555556
40970,0.9230769230769231,0.8421052631578947,1.0833333333333333,1.1875
246117,0.9444444444444444,1.0,1.0588235294117647,1.0
22719,1.0,0.782608695652174,1.0,1.2777777777777777
140317,0.9333333333333333,0.8888888888888888,1.0714285714285714,1.125
80620,0.95,0.8888888888888888,1.0526315789473684,1.125
32459,0.8823529411764706,0.9375,1.1333333333333333,1.0666666666666667
40181,0.9487179487179487,0.6,1.054054054054054,1.6666666666666667
255224,0.9310344827586207,0.8148148148148148,1.0740740740740742,1.2272727272727273
